stxXyCKAbd73DmkM2vsIHA,11960.61538,-560,1,50.41379166,262,t
stxXyCKAbd73DmkM2vsIHA,10066.46154,-418.4615385,1,50.41379166,200,t
stxXyCKAbd73DmkM2vsIHA,9580.307692,-418.4615385,2,50.41379166,200,t
stxXyCKAbd73DmkM2vsIHA,6107.076923,-1032.615385,1,50.41379166,97,t
stxXyCKAbd73DmkM2vsIHA,4774.153846,-1175.384615,1,50.41379166,97,t
stxXyCKAbd73DmkM2vsIHA,3332.923077,-753.2307692,7,50.41379166,97,t
stxXyCKAbd73DmkM2vsIHA,898.4615385,-984.6153846,1,50.41379166,7,t
stxXyCKAbd73DmkM2vsIHA,898.4615385,-984.6153846,1,50.41379166,7,t
3TO1sxavsQLIliltuPh5yw,13763.69231,-632.6153846,1,180.3689117,299.3236694,t
3TO1sxavsQLIliltuPh5yw,11147.07692,-740.9230769,1,180.3689117,228.6986542,t
3TO1sxavsQLIliltuPh5yw,4717.538462,-456.6153846,6,180.3689117,97.0736618,t
2zMHlmqFF6V2SHqueb1fZA,732.3076923,-627.6923077,4,89.75104523,20.6651783,t
cVV7quHvGXvu4-VKs_M9bQ,10017.23077,-916.9230769,6,89.64102173,206.2544708,t
jQdLwvjVMqab7AAsMcrVQA,1606.153846,-505.8461538,1,85.17815399,17.8169651,t
jQdLwvjVMqab7AAsMcrVQA,4750.769231,-953.8461538,1,85.17815399,87.0044632,t
jQdLwvjVMqab7AAsMcrVQA,6619.076923,-1289.846154,1,85.17815399,153.7544708,t
jQdLwvjVMqab7AAsMcrVQA,11164.30769,-867.6923077,1,85.17815399,245.2544708,t
jQdLwvjVMqab7AAsMcrVQA,11977.84615,-669.5384615,1,85.17815399,256.59375,t
jQdLwvjVMqab7AAsMcrVQA,738.4615385,-481.2307692,1,85.17815399,12.57589245,t
lk95zcW0edw2sZCB1rMPTA,15643.07692,-502.1538462,1,106.5669403,341.8660583,t
lk95zcW0edw2sZCB1rMPTA,14920.61538,-612.9230769,1,106.5669403,328.1785583,t
hYEH3dM1ydGeOvU7l906_A,9840,-493.5384615,1,255.2823944,210.609375,t
hYEH3dM1ydGeOvU7l906_A,14096,-1227.076923,4,255.2823944,308.3459778,t
bV4C_Q1VLnHuAnCl0C5n6g,86.15384615,-787.6923077,3,234.0369263,0.763392866,t
7Y3UweyyZqDYGrFaXYUyUA,7968,-1725.538462,3,90.35360718,175.7633972,t
9l6MO0OP2_Pxuyd-dbeuZg,10061.53846,-1609.846154,4,90.15838623,203.7142792,t
48JKHgwep8fxH0FYOrDxIg,10033.23077,-1492.923077,4,89.08840179,182.9017792,t
48JKHgwep8fxH0FYOrDxIg,8413.538462,-1699.692308,4,89.08840179,182.9017792,t
48JKHgwep8fxH0FYOrDxIg,6531.692308,-1377.230769,4,89.08840179,182.9017792,t
p-rJVykMOw5fr52Lo8svYw,15104,-1289.846154,4,91.30413818,333.6517944,t
xtLnOVoyuXQoLpHgaC1T5g,1752.615385,-1132.307692,1,90.60552979,71.2924118,t
xtLnOVoyuXQoLpHgaC1T5g,7431.384615,-1883.076923,1,90.60552979,169.6361542,t
iKQUgAy3Qng_G5aAZrrAqQ,2747.076923,-772.9230769,1,40.29335403,82.0625,t
iKQUgAy3Qng_G5aAZrrAqQ,2945.230769,-577.2307692,1,40.29335403,71.5625,t
iKQUgAy3Qng_G5aAZrrAqQ,15686.15385,-391.3846154,1,40.29335403,332,t
gyFuxqdBmrjXpxMkvJLUnA,5949.538462,-1640.615385,1,35.49397278,102.5,t
gyFuxqdBmrjXpxMkvJLUnA,4641.230769,-1033.846154,1,35.49397278,102.5,t
gyFuxqdBmrjXpxMkvJLUnA,2516.923077,-292.9230769,1,35.49397278,61.8125,t
gyFuxqdBmrjXpxMkvJLUnA,14104.61538,-464,1,35.49397278,325.25,t
gyFuxqdBmrjXpxMkvJLUnA,14665.84615,-329.8461538,2,35.49397278,325.25,t
gyFuxqdBmrjXpxMkvJLUnA,14556.30769,-244.9230769,1,35.49397278,325.015625,t
gyFuxqdBmrjXpxMkvJLUnA,15684.92308,-161.2307692,1,35.49397278,342.828125,t
gyFuxqdBmrjXpxMkvJLUnA,1118.769231,-231.3846154,1,35.49397278,22.90625,t
gyFuxqdBmrjXpxMkvJLUnA,1888,-246.1538462,1,35.49397278,43.671875,t
A-eM226LYCgGNB1WLubj8Q,4940.307692,-707.6923077,1,315.6326904,121.3125,t
A-eM226LYCgGNB1WLubj8Q,6912,-252.3076923,1,315.6326904,146.0625,t
A-eM226LYCgGNB1WLubj8Q,7209.846154,-219.0769231,2,315.6326904,161.71875,t
A-eM226LYCgGNB1WLubj8Q,8376.615385,-226.4615385,2,315.6326904,172.546875,t
A-eM226LYCgGNB1WLubj8Q,4429.538462,-786.4615385,3,315.6326904,89.34375,t
A-eM226LYCgGNB1WLubj8Q,1230.769231,-1000.615385,4,315.6326904,54.09375,t
A-eM226LYCgGNB1WLubj8Q,16018.46154,-333.5384615,4,315.6326904,14.53125,t
A-eM226LYCgGNB1WLubj8Q,2878.769231,-1164.307692,4,315.6326904,14.53125,t
A-eM226LYCgGNB1WLubj8Q,5056,-407.3846154,4,315.6326904,110.90625,t
wgZ25_QKLDhmVEFkPAmBJw,8753.230769,-361.8461538,2,223.0366364,170.71875,t
wgZ25_QKLDhmVEFkPAmBJw,6512,-388.9230769,2,223.0366364,170.71875,t
wgZ25_QKLDhmVEFkPAmBJw,5985.230769,-398.7692308,1,223.0366364,123.46875,t
wgZ25_QKLDhmVEFkPAmBJw,1937.230769,-492.3076923,1,223.0366364,70.96875,t
dd3XXVb8eaIf5FcUAMqySg,8824.615385,-884.9230769,2,173.689621,189.65625,t
dd3XXVb8eaIf5FcUAMqySg,4603.076923,-539.0769231,2,173.689621,113.34375,t
dd3XXVb8eaIf5FcUAMqySg,4317.538462,-452.9230769,1,173.689621,113.34375,t
dd3XXVb8eaIf5FcUAMqySg,12424.61538,-953.8461538,3,173.689621,268.96875,t
ENwChk0mv975oT08FxdQGQ,2429.538462,-494.7692308,2,161.3479614,36.28125,t
ENwChk0mv975oT08FxdQGQ,13614.76923,-1444.923077,2,161.3479614,311.34375,t
ElKlsmPuAEyNlkkNamP1-A,8651.076923,-625.2307692,1,160.6070709,184.03125,t
ElKlsmPuAEyNlkkNamP1-A,4180.923077,-441.8461538,1,160.6070709,107.90625,t
ElKlsmPuAEyNlkkNamP1-A,5332.923077,-324.9230769,1,160.6070709,135.65625,t
ElKlsmPuAEyNlkkNamP1-A,4925.538462,-268.3076923,7,160.6070709,101.109375,t
ElKlsmPuAEyNlkkNamP1-A,8040.615385,-252.3076923,1,160.6070709,184.1294708,t
ElKlsmPuAEyNlkkNamP1-A,5785.846154,-269.5384615,1,160.6070709,135.6473236,t
ElKlsmPuAEyNlkkNamP1-A,7630.769231,-215.3846154,2,160.6070709,166.6294708,t
D5Se4AuiyxHr2ht2CkjnBQ,7675.076923,-483.6923077,2,183.4651642,176.0044708,t
D5Se4AuiyxHr2ht2CkjnBQ,8185.846154,-563.6923077,1,183.4651642,186.9866028,t
D5Se4AuiyxHr2ht2CkjnBQ,11932.30769,-1540.923077,1,183.4651642,257.7008972,t
D5Se4AuiyxHr2ht2CkjnBQ,4003.692308,-412.3076923,1,183.4651642,89.39732361,t
D5Se4AuiyxHr2ht2CkjnBQ,4589.538462,-407.3846154,1,183.4651642,89.39732361,t
D5Se4AuiyxHr2ht2CkjnBQ,3656.615385,-354.4615385,7,183.4651642,89.39732361,t
D5Se4AuiyxHr2ht2CkjnBQ,2519.384615,-428.3076923,1,183.4651642,66.8080368,t
53PJ9NuERcvfRvPwoRIkUQ,7014.153846,-694.1538462,1,126.855751,162.2142792,t
53PJ9NuERcvfRvPwoRIkUQ,9900.307692,-646.1538462,1,126.855751,234.9642792,t
53PJ9NuERcvfRvPwoRIkUQ,11281.23077,-532.9230769,1,126.855751,255.9642792,t
53PJ9NuERcvfRvPwoRIkUQ,13981.53846,-427.0769231,1,126.855751,303.0267944,t
53PJ9NuERcvfRvPwoRIkUQ,14956.30769,-328.6153846,1,126.855751,326.0892944,t
53PJ9NuERcvfRvPwoRIkUQ,912,-356.9230769,1,126.855751,15.96428585,t
53PJ9NuERcvfRvPwoRIkUQ,1744,-308.9230769,3,126.855751,48.9642868,t
XGSiU6m3bAhqEwoZtgrSEg,14812.30769,-1081.846154,1,14.17856598,315.7767944,t
XGSiU6m3bAhqEwoZtgrSEg,2622.769231,-486.1538462,1,14.17856598,37.1517868,t
XGSiU6m3bAhqEwoZtgrSEg,12958.76923,-400,1,14.17856598,267.4017944,t
TnANORuEWpEMc44k-EpN1Q,15986.46154,-834.4615385,1,310.3451843,338.0892944,t
TnANORuEWpEMc44k-EpN1Q,13163.07692,-390.1538462,1,310.3451843,282.7767944,t
TnANORuEWpEMc44k-EpN1Q,12579.69231,-328.6153846,1,310.3451843,282.7767944,t
4gQPTKnVWtTrdCF7HXPANg,3415.384615,-1195.076923,1,322.178833,49.7142868,t
4gQPTKnVWtTrdCF7HXPANg,11996.30769,-642.4615385,1,322.178833,269.4642944,t
4gQPTKnVWtTrdCF7HXPANg,11539.69231,-419.6923077,1,322.178833,269.4642944,t
4gQPTKnVWtTrdCF7HXPANg,11629.53846,-398.7692308,3,322.178833,261.4017944,t
prMAsZ283Q-GBpPv9OA2IQ,5794.461538,-505.8461538,2,168.2172394,143.0625,t
prMAsZ283Q-GBpPv9OA2IQ,6350.769231,-462.7692308,2,168.2172394,143.0625,t
prMAsZ283Q-GBpPv9OA2IQ,9070.769231,-619.0769231,2,168.2172394,212.25,t
prMAsZ283Q-GBpPv9OA2IQ,10136.61538,-611.6923077,2,168.2172394,212.25,t
prMAsZ283Q-GBpPv9OA2IQ,13385.84615,-706.4615385,2,168.2172394,300.9375,t
prMAsZ283Q-GBpPv9OA2IQ,14098.46154,-668.3076923,2,168.2172394,300.9375,t
prMAsZ283Q-GBpPv9OA2IQ,1543.384615,-932.9230769,2,168.2172394,41.0625,t
prMAsZ283Q-GBpPv9OA2IQ,3145.846154,-803.6923077,2,168.2172394,41.0625,t
sPYP6S60xuD2gJ2LDe8w3g,7182.769231,-1378.461538,2,93.58729553,145.125,t
sPYP6S60xuD2gJ2LDe8w3g,8304,-1006.769231,2,93.58729553,145.125,t
sPYP6S60xuD2gJ2LDe8w3g,16126.76923,-1204.923077,2,93.58729553,28.6875,t
sPYP6S60xuD2gJ2LDe8w3g,15257.84615,-824.6153846,2,93.58729553,341.0625,t
Ebfc5SEgnQhFobNGWu6PWg,10332.30769,-621.5384615,1,341.3625488,236.2678528,t
Ebfc5SEgnQhFobNGWu6PWg,14119.38462,-814.7692308,2,341.3625488,300.2857056,t
Ebfc5SEgnQhFobNGWu6PWg,1755.076923,-473.8461538,7,341.3625488,36.75,t
Ebfc5SEgnQhFobNGWu6PWg,505.8461538,-566.1538462,7,341.3625488,36.75,t
Ebfc5SEgnQhFobNGWu6PWg,7959.384615,-611.6923077,1,341.3625488,177,t
P3r9DFelb4FPkN5XCJBntQ,7617.230769,-1433.846154,1,104.1216736,173.4375,t
P3r9DFelb4FPkN5XCJBntQ,445.5384615,-494.7692308,2,104.1216736,355.125,t
P3r9DFelb4FPkN5XCJBntQ,5110.153846,-340.9230769,1,104.1216736,113.4375,t
fILqT3EWJ_ZpezDigHJ-Aw,5569.230769,-368,1,98.99095154,117.75,t
fILqT3EWJ_ZpezDigHJ-Aw,2023.384615,-225.2307692,2,98.99095154,33.9375,t
HTZEaw8gPnRj6ltd83FYaQ,14648.61538,-728.6153846,2,71.33852386,339.5625,t
HTZEaw8gPnRj6ltd83FYaQ,14867.69231,-1121.230769,1,71.33852386,330,t
HTZEaw8gPnRj6ltd83FYaQ,9730.461538,-1101.538462,1,71.33852386,220.5,t
HTZEaw8gPnRj6ltd83FYaQ,9884.307692,-729.8461538,1,71.33852386,220.5,t
HTZEaw8gPnRj6ltd83FYaQ,11474.46154,-289.2307692,1,71.33852386,239.0625,t
HTZEaw8gPnRj6ltd83FYaQ,13041.23077,-332.3076923,2,71.33852386,298.6875,t
HTZEaw8gPnRj6ltd83FYaQ,12734.76923,-262.1538462,1,71.33852386,274.875,t
PzKLPRWBFuASHjalf9__Sw,11489.23077,-350.7692308,1,47.8304863,274.875,t
PzKLPRWBFuASHjalf9__Sw,8550.153846,-1201.230769,1,47.8304863,201.9375,t
PzKLPRWBFuASHjalf9__Sw,7035.076923,-1907.692308,1,47.8304863,175.3125,t
PzKLPRWBFuASHjalf9__Sw,7859.692308,-460.3076923,3,47.8304863,175.3125,t
PzKLPRWBFuASHjalf9__Sw,242.4615385,-798.7692308,1,47.8304863,5.0625,t
PzKLPRWBFuASHjalf9__Sw,15948.30769,-599.3846154,2,47.8304863,5.0625,t
PzKLPRWBFuASHjalf9__Sw,13410.46154,-340.9230769,2,47.8304863,314.625,t
RoOyujZ_v9GlaDgmKdclvw,15223.38462,-1878.153846,1,230.6376495,17.625,t
RoOyujZ_v9GlaDgmKdclvw,849.2307692,-929.2307692,2,230.6376495,17.625,t
RoOyujZ_v9GlaDgmKdclvw,8587.076923,-944,1,230.6376495,184.6875,t
RoOyujZ_v9GlaDgmKdclvw,7560.615385,-630.1538462,1,230.6376495,184.6875,t
RoOyujZ_v9GlaDgmKdclvw,8946.461538,-615.3846154,4,230.6376495,184.6875,t
vQCWx0P7DExHD-KIfA7keA,2301.538462,-994.4615385,2,140.227417,58.1875,t
vQCWx0P7DExHD-KIfA7keA,3282.461538,-798.7692308,2,140.227417,58.1875,t
vQCWx0P7DExHD-KIfA7keA,14004.92308,-974.7692308,2,140.227417,298.375,t
vQCWx0P7DExHD-KIfA7keA,6371.692308,-547.6923077,1,140.227417,140.6875,t
zsvKv7NrQo5DyRZJWnUKlQ,13809.23077,-646.1538462,2,89.0975647,311.3125,t
zsvKv7NrQo5DyRZJWnUKlQ,11116.30769,-583.3846154,1,89.0975647,251.125,t
IPINWuRD6RThQtPSHnVRZw,1641.846154,-931.6923077,2,88.96598053,50.3125,t
IPINWuRD6RThQtPSHnVRZw,1575.384615,-611.6923077,2,88.96598053,50.3125,t
IPINWuRD6RThQtPSHnVRZw,6396.307692,-862.7692308,2,88.96598053,131.6875,t
IPINWuRD6RThQtPSHnVRZw,6465.230769,-587.0769231,2,88.96598053,131.6875,t
b0eOV36e75GdxsTJKxhJzw,6180.923077,-715.0769231,1,88.78718567,144.0625,t
b0eOV36e75GdxsTJKxhJzw,6780.307692,-516.9230769,3,88.78718567,144.0625,t
b0eOV36e75GdxsTJKxhJzw,9424,-701.5384615,2,88.78718567,198.8125,t
b0eOV36e75GdxsTJKxhJzw,10147.69231,-753.2307692,2,88.78718567,198.8125,t
b0eOV36e75GdxsTJKxhJzw,1830.153846,-760.6153846,2,88.78718567,46.375,t
b0eOV36e75GdxsTJKxhJzw,1384.615385,-716.3076923,2,88.78718567,24.625,t
b0eOV36e75GdxsTJKxhJzw,15112.61538,-774.1538462,2,88.78718567,335.3125,t
b0eOV36e75GdxsTJKxhJzw,14364.30769,-857.8461538,2,88.78718567,335.3125,t
IPINWuRD6RThQtPSHnVRZw,2441.846154,-893.5384615,2,88.96598053,44.3125,t
_ThcAfjL-9PVTI2IGWcIkg,1492.923077,-994.4615385,2,359.366333,13.9375,t
_ThcAfjL-9PVTI2IGWcIkg,2307.692308,-952.6153846,2,359.366333,13.9375,t
_ThcAfjL-9PVTI2IGWcIkg,14438.15385,-816,2,359.366333,323.875,t
_ThcAfjL-9PVTI2IGWcIkg,13649.23077,-822.1538462,2,359.366333,323.875,t
_ThcAfjL-9PVTI2IGWcIkg,10033.23077,-611.6923077,2,359.366333,226.375,t
_ThcAfjL-9PVTI2IGWcIkg,9609.846154,-580.9230769,2,359.366333,226.375,t
_ThcAfjL-9PVTI2IGWcIkg,6497.230769,-721.2307692,2,359.366333,147.0625,t
_ThcAfjL-9PVTI2IGWcIkg,7224.615385,-592,2,359.366333,147.0625,t
_ThcAfjL-9PVTI2IGWcIkg,7161.846154,-512,3,359.366333,147.0625,t
2A6p50LemUj6YuJYRTcoOA,6238.769231,-1030.153846,2,359.118042,112.1875,t
2A6p50LemUj6YuJYRTcoOA,6356.923077,-706.4615385,2,359.118042,112.1875,t
2A6p50LemUj6YuJYRTcoOA,10668.30769,-898.4615385,2,359.118042,216.8125,t
wiW8PBT09OyhaBosI5vw6A,14061.53846,-619.0769231,1,1.173410416,313.75,t
wiW8PBT09OyhaBosI5vw6A,2027.076923,-727.3846154,1,1.173410416,8.875,t
wiW8PBT09OyhaBosI5vw6A,15239.38462,-353.2307692,1,1.173410416,333.4375,t
fnSNW0E9urQ7bfNcOts3_w,6560,-956.3076923,1,358.6837158,143.3125,t
Xmfv29SgOgcVOVv55fc0HQ,14753.23077,-816,1,358.5075684,338.6875,t
Xmfv29SgOgcVOVv55fc0HQ,6243.692308,-552.6153846,1,358.5075684,137.3125,t
Xmfv29SgOgcVOVv55fc0HQ,7355.076923,-424.6153846,1,358.5075684,152.6875,t
Xmfv29SgOgcVOVv55fc0HQ,9259.076923,-419.6923077,1,358.5075684,213.8125,t
Xmfv29SgOgcVOVv55fc0HQ,10353.23077,-482.4615385,1,358.5075684,237.625,t
Xmfv29SgOgcVOVv55fc0HQ,12820.92308,-844.3076923,1,358.5075684,295.9375,t
2A6p50LemUj6YuJYRTcoOA,10402.46154,-588.3076923,2,359.118042,216.8125,t
fnSNW0E9urQ7bfNcOts3_w,4679.384615,-925.5384615,1,358.6837158,101.875,t
Xmfv29SgOgcVOVv55fc0HQ,3564.307692,-852.9230769,1,358.5075684,66.25,t
wiW8PBT09OyhaBosI5vw6A,2580.923077,-1250.461538,1,1.173410416,37.75,t
wiW8PBT09OyhaBosI5vw6A,1059.692308,-416,1,1.173410416,8.875,t
fnSNW0E9urQ7bfNcOts3_w,1940.923077,-667.0769231,1,358.6837158,34.5625,t
fnSNW0E9urQ7bfNcOts3_w,14344.61538,-627.6923077,1,358.6837158,307,t
wiW8PBT09OyhaBosI5vw6A,13561.84615,-1073.230769,1,1.173410416,313.75,t
fnSNW0E9urQ7bfNcOts3_w,10020.92308,-764.3076923,1,358.6837158,208.1875,t
fnSNW0E9urQ7bfNcOts3_w,11742.76923,-756.9230769,1,358.6837158,255.4375,t
Xmfv29SgOgcVOVv55fc0HQ,1649.230769,-881.2307692,1,358.5075684,25.5625,t
DZtX1-3WTIFwW5UFbYpS-A,10356.92308,-861.5384615,1,358.7449036,223.75,t
DZtX1-3WTIFwW5UFbYpS-A,6274.461538,-854.1538462,1,358.7449036,147.25,t
DZtX1-3WTIFwW5UFbYpS-A,1692.307692,-588.3076923,3,358.7449036,46.5625,t
7YiyTzFbvNivLvYXAuu88Q,3931.076923,-958.7692308,3,359.6247864,68.875,t
7YiyTzFbvNivLvYXAuu88Q,4740.923077,-852.9230769,3,359.6247864,68.875,t
EWazcRXx4rxAJN-uqRdT1g,6888.615385,-542.7692308,3,359.2885742,136.1875,t
EWazcRXx4rxAJN-uqRdT1g,14920.61538,-496,3,359.2885742,336.625,t
QmtfhalnBQ7CEsi1nJmm6g,14317.53846,-676.9230769,2,359.7643127,347.9375,t
QmtfhalnBQ7CEsi1nJmm6g,1102.769231,-912,2,359.7643127,36.3125,t
QmtfhalnBQ7CEsi1nJmm6g,1933.538462,-1062.153846,2,359.7643127,60.125,t
QmtfhalnBQ7CEsi1nJmm6g,6105.846154,-913.2307692,2,359.7643127,142.625,t
QmtfhalnBQ7CEsi1nJmm6g,10190.76923,-568.6153846,2,359.7643127,217.4375,t
QmtfhalnBQ7CEsi1nJmm6g,11078.15385,-546.4615385,1,359.7643127,217.4375,t
QmtfhalnBQ7CEsi1nJmm6g,13294.76923,-621.5384615,1,359.7643127,291.875,t
IfWzYEHcWFgEdUVrWJOtbQ,11417.84615,-797.5384615,2,359.8266907,263.375,t
IfWzYEHcWFgEdUVrWJOtbQ,4064,-1217.230769,2,359.8266907,101.5625,t
IfWzYEHcWFgEdUVrWJOtbQ,5905.230769,-1668.923077,2,359.8266907,101.5625,t
DXCYcbKzmYWxfeJEi-_OOg,923.0769231,-852.9230769,2,359.8872681,27.3125,t
DXCYcbKzmYWxfeJEi-_OOg,14331.07692,-704,2,359.8872681,317.9375,t
DD_VEw86rKdcCULiczEY9g,7334.153846,-828.3076923,2,357.462738,160.4375,t
DD_VEw86rKdcCULiczEY9g,10381.53846,-612.9230769,2,357.462738,220.25,t
LVbKACFUqHL0i5ALf0P41Q,7361.230769,-736,2,320.4672241,164.75,t
LVbKACFUqHL0i5ALf0P41Q,2349.538462,-2048,2,320.4672241,45.5,t
LVbKACFUqHL0i5ALf0P41Q,129.2307692,-1602.461538,2,320.4672241,7.625,t
LVbKACFUqHL0i5ALf0P41Q,12989.53846,-627.6923077,2,320.4672241,287.75,t
LVbKACFUqHL0i5ALf0P41Q,12379.07692,-471.3846154,1,320.4672241,259.4375,t
LVbKACFUqHL0i5ALf0P41Q,10626.46154,-366.7692308,1,320.4672241,233.1875,t
LVbKACFUqHL0i5ALf0P41Q,10027.07692,-343.3846154,2,320.4672241,233.1875,t
LVbKACFUqHL0i5ALf0P41Q,8036.923077,-473.8461538,2,320.4672241,169.4375,t
jCAimau0IoExc3RWWzR1Cw,6610.461538,-2280.615385,2,21.52480125,170.1875,t
jCAimau0IoExc3RWWzR1Cw,3977.846154,-1809.230769,2,21.52480125,108.3125,t
jCAimau0IoExc3RWWzR1Cw,11200,-620.3076923,2,21.52480125,248.375,t
jCAimau0IoExc3RWWzR1Cw,12041.84615,-550.1538462,1,21.52480125,248.375,t
U-aA9ZXvFpX_IZLwNb-VRQ,2519.384615,-993.2307692,2,45.09223938,68.5625,t
U-aA9ZXvFpX_IZLwNb-VRQ,13977.84615,-1009.230769,2,45.09223938,314.5625,t
U-aA9ZXvFpX_IZLwNb-VRQ,12976,-811.0769231,1,45.09223938,292.0625,t
U-aA9ZXvFpX_IZLwNb-VRQ,10552.61538,-553.8461538,1,45.09223938,218.75,t
U-aA9ZXvFpX_IZLwNb-VRQ,9321.846154,-502.1538462,1,45.09223938,218.75,t
U-aA9ZXvFpX_IZLwNb-VRQ,7480.615385,-526.7692308,1,45.09223938,153.125,t
U-aA9ZXvFpX_IZLwNb-VRQ,6370.461538,-635.0769231,1,45.09223938,128.1875,t
mADzhX_EbNX-almFPPDqZQ,10590.76923,-936.6153846,1,71.90936279,243.3125,t
mADzhX_EbNX-almFPPDqZQ,14619.07692,-974.7692308,1,71.90936279,313.8125,t
mADzhX_EbNX-almFPPDqZQ,15958.15385,-889.8461538,2,71.90936279,313.8125,t
mADzhX_EbNX-almFPPDqZQ,8531.692308,-823.3846154,1,71.90936279,194.75,t
iXYGtES5ujggzEp38_EJYg,8931.692308,-1709.538462,2,65.36278534,218.375,t
iXYGtES5ujggzEp38_EJYg,9380.923077,-1112.615385,2,65.36278534,218.375,t
iXYGtES5ujggzEp38_EJYg,11255.38462,-503.3846154,2,65.36278534,218.375,t
yVu1RX2Ri4CQa2dpYDoxAA,4593.230769,-324.9230769,2,100.920845,94.625,t
yVu1RX2Ri4CQa2dpYDoxAA,3143.384615,-324.9230769,2,100.920845,55.8125,t
iXYGtES5ujggzEp38_EJYg,11558.15385,-520.6153846,2,65.36278534,218.375,t
iXYGtES5ujggzEp38_EJYg,13640.61538,-434.4615385,2,65.36278534,297.875,t
iXYGtES5ujggzEp38_EJYg,11478.15385,-515.6923077,3,65.36278534,218.375,t
iXYGtES5ujggzEp38_EJYg,15841.23077,-968.6153846,2,65.36278534,355.4375,t
V67Nf7PIpKcBCiF0WyaVPQ,1110.153846,-718.7692308,2,80.13713837,5,t
yVu1RX2Ri4CQa2dpYDoxAA,5885.538462,-1040,2,100.920845,152.9375,t
yVu1RX2Ri4CQa2dpYDoxAA,4891.076923,-354.4615385,2,100.920845,94.625,t
yVu1RX2Ri4CQa2dpYDoxAA,2839.384615,-344.6153846,2,100.920845,55.8125,t
iXYGtES5ujggzEp38_EJYg,10588.30769,-450.4615385,7,65.36278534,218.375,t
V67Nf7PIpKcBCiF0WyaVPQ,6641.230769,-1724.307692,2,80.13713837,149,t
V67Nf7PIpKcBCiF0WyaVPQ,10398.76923,-605.5384615,7,80.13713837,210.3125,t
yVu1RX2Ri4CQa2dpYDoxAA,1755.076923,-720,2,100.920845,21.875,t
iXYGtES5ujggzEp38_EJYg,15534.76923,-776.6153846,2,65.36278534,355.4375,t
V67Nf7PIpKcBCiF0WyaVPQ,5300.923077,-1603.692308,2,80.13713837,149,t
V67Nf7PIpKcBCiF0WyaVPQ,691.6923077,-636.3076923,2,80.13713837,5,t
yVu1RX2Ri4CQa2dpYDoxAA,5968,-756.9230769,2,100.920845,152.9375,t
V67Nf7PIpKcBCiF0WyaVPQ,11218.46154,-822.1538462,2,80.13713837,230.1875,t
V67Nf7PIpKcBCiF0WyaVPQ,11895.38462,-701.5384615,2,80.13713837,230.1875,t
LEFWqL6KZM5PYlZNn42wSg,11822.76923,-631.3846154,7,179.9325256,253.125,t
LEFWqL6KZM5PYlZNn42wSg,11091.69231,-1650.461538,2,179.9325256,226.5,t
LEFWqL6KZM5PYlZNn42wSg,14638.76923,-635.0769231,2,179.9325256,323.4375,t
LEFWqL6KZM5PYlZNn42wSg,15406.76923,-706.4615385,1,179.9325256,346.5,t
LEFWqL6KZM5PYlZNn42wSg,1742.769231,-653.5384615,1,179.9325256,37.6875,t
LEFWqL6KZM5PYlZNn42wSg,4658.461538,-832,1,179.9325256,118.875,t
HsgeyvychgYBpMjEW1wA9w,14227.69231,-598.1538462,1,90.27230835,316.6875,t
HsgeyvychgYBpMjEW1wA9w,10930.46154,-500.9230769,1,90.27230835,262.3125,t
mvNsvSd_0EIJdbIu-HoqDA,5859.692308,-1106.461538,1,90.32823944,115.6875,t
mvNsvSd_0EIJdbIu-HoqDA,5970.461538,-726.1538462,1,90.32823944,115.6875,t
mvNsvSd_0EIJdbIu-HoqDA,1736.615385,-862.7692308,1,90.32823944,38.0625,t
mvNsvSd_0EIJdbIu-HoqDA,1952,-502.1538462,1,90.32823944,38.0625,t
92ZZ-oToFsK3Zq25TIkzpw,9299.692308,-1308.307692,1,106.0760269,199.5,t
92ZZ-oToFsK3Zq25TIkzpw,11469.53846,-1179.076923,1,106.0760269,259.5,t
92ZZ-oToFsK3Zq25TIkzpw,15129.84615,-669.5384615,1,106.0760269,331.3125,t
92ZZ-oToFsK3Zq25TIkzpw,16372.92308,-568.6153846,1,106.0760269,331.3125,t
92ZZ-oToFsK3Zq25TIkzpw,2616.615385,-434.4615385,1,106.0760269,48.2232132,t
92ZZ-oToFsK3Zq25TIkzpw,1446.153846,-275.6923077,7,106.0760269,32.3303566,t
92ZZ-oToFsK3Zq25TIkzpw,5017.846154,-631.3846154,1,106.0760269,117.8660736,t
92ZZ-oToFsK3Zq25TIkzpw,5569.230769,-497.2307692,3,106.0760269,117.8660736,t
92ZZ-oToFsK3Zq25TIkzpw,4668.307692,-440.6153846,4,106.0760269,98.04463959,t
DF4VBwDNJeFEg80MG6WL-A,5848.615385,-996.9230769,1,90.30001831,123.7589264,t
DF4VBwDNJeFEg80MG6WL-A,4976,-748.3076923,4,90.30001831,116.2589264,t
DF4VBwDNJeFEg80MG6WL-A,10915.69231,-865.2307692,1,90.30001831,234.8303528,t
DF4VBwDNJeFEg80MG6WL-A,12129.23077,-696.6153846,1,90.30001831,263.3125,t
DF4VBwDNJeFEg80MG6WL-A,14247.38462,-523.0769231,1,90.30001831,304.4732056,t
DF4VBwDNJeFEg80MG6WL-A,15508.92308,-456.6153846,1,90.30001831,337.5089417,t
DF4VBwDNJeFEg80MG6WL-A,808.6153846,-249.8461538,7,90.30001831,36.9732132,t
DF4VBwDNJeFEg80MG6WL-A,1784.615385,-649.8461538,1,90.30001831,52.86606979,t
e-IyX4KXrmU_l5582FckLA,10312.61538,-836.9230769,1,82.69694519,211.7946472,t
e-IyX4KXrmU_l5582FckLA,5067.076923,-592,4,82.69694519,122.3303604,t
pn4K6uKsurl7qs5Dx8eUaA,4615.384615,-345.8461538,3,87.46537018,118.9375,t
pn4K6uKsurl7qs5Dx8eUaA,8359.384615,-1319.384615,4,87.46537018,184.1160736,t
pn4K6uKsurl7qs5Dx8eUaA,936.6153846,-754.4615385,4,87.46537018,13.40178585,t
oWacB_PuNgyTIxe3qr_sDg,5236.923077,-648.6153846,3,88.22892761,111.6160736,t
VLnYi6PCtn8Z4h0IkhtNJw,2196.923077,-560,1,90.12241364,43.6696434,t
VLnYi6PCtn8Z4h0IkhtNJw,4852.923077,-433.2307692,1,90.12241364,100.9910736,t
VLnYi6PCtn8Z4h0IkhtNJw,5384.615385,-567.3846154,4,90.12241364,115.5446396,t
oAMp90wEnIghr7ykQYklgA,193.2307692,-772.9230769,1,91.71517181,5.1875,t
oAMp90wEnIghr7ykQYklgA,5745.230769,-818.4615385,1,91.71517181,124.3839264,t
lUllc_bkAnZ145agnrLU9w,10140.30769,-1747.692308,1,109.533432,210.9910736,t
lUllc_bkAnZ145agnrLU9w,7410.461538,-894.7692308,3,109.533432,152.5089264,t
Zezsvr7XeNaoSGgSjOf3gA,14934.15385,-941.5384615,4,232.7931213,340.875,t
Zezsvr7XeNaoSGgSjOf3gA,13170.46154,-100.9230769,4,232.7931213,307.75,t
Zezsvr7XeNaoSGgSjOf3gA,15752.61538,-2161.230769,2,232.7931213,4.089285851,t
Zezsvr7XeNaoSGgSjOf3gA,544,-1510.153846,2,232.7931213,4.089285851,t
Zezsvr7XeNaoSGgSjOf3gA,3106.461538,-633.8461538,2,232.7931213,75.875,t
Zezsvr7XeNaoSGgSjOf3gA,3527.384615,-580.9230769,2,232.7931213,75.875,t
Zezsvr7XeNaoSGgSjOf3gA,5283.692308,-340.9230769,2,232.7931213,111.9464264,t
Zezsvr7XeNaoSGgSjOf3gA,6774.153846,-403.6923077,7,232.7931213,147.3928528,t
Zezsvr7XeNaoSGgSjOf3gA,8388.923077,-701.5384615,7,232.7931213,170.6964264,t
5WWw7rCOil_KwsRivhN6Qw,11558.15385,-183.3846154,7,255.2722473,274.2142944,t
5WWw7rCOil_KwsRivhN6Qw,12996.92308,-393.8461538,7,255.2722473,274.2142944,t
5WWw7rCOil_KwsRivhN6Qw,1488,-1748.923077,7,255.2722473,17.0714283,t
S9tIMjyczH8lxkVdaEqPLw,13803.07692,-536.6153846,7,267.3643188,302.4285583,t
Ii4_QF95UYk2cAHEXdn1EA,13868.30769,-400,1,297.6207275,300.2857056,t
Ii4_QF95UYk2cAHEXdn1EA,13281.23077,-414.7692308,1,297.6207275,300.2857056,t
NI7ma7FS4jHOC_zqpiE1hg,3767.384615,-454.1538462,1,147.5597534,88.67857361,t
hShqDLUwls0JCr6ZkzfOwA,8972.307692,-803.6923077,1,146.9575195,195.6428528,t
5WWw7rCOil_KwsRivhN6Qw,5297.230769,-996.9230769,7,255.2722473,116.8035736,t
#NAME?,1849.846154,-1520,7,269.6130066,50.7321434,t
S9tIMjyczH8lxkVdaEqPLw,11008,-397.5384615,7,267.3643188,245.375,t
Ii4_QF95UYk2cAHEXdn1EA,2622.769231,-617.8461538,1,297.6207275,76.0892868,t
Ii4_QF95UYk2cAHEXdn1EA,3297.230769,-400,1,297.6207275,90.55357361,t
5WWw7rCOil_KwsRivhN6Qw,3140.923077,-829.5384615,7,255.2722473,73.5,t
5WWw7rCOil_KwsRivhN6Qw,1348.923077,-1115.076923,7,255.2722473,48.05356979,t
#NAME?,12739.69231,92.30769231,7,269.6130066,264.8392944,t
NI7ma7FS4jHOC_zqpiE1hg,13196.30769,-685.5384615,1,147.5597534,301.625,t
NI7ma7FS4jHOC_zqpiE1hg,12001.23077,-606.7692308,1,147.5597534,274.9285583,t
NI7ma7FS4jHOC_zqpiE1hg,5139.692308,-176,1,147.5597534,96.7142868,t
z1kamZOPVAoqtY8bWLpI-w,15933.53846,-300.3076923,1,148.4836273,347.6964417,t
#NAME?,11464.61538,-310.1538462,7,269.6130066,264.8392944,t
#NAME?,11746.46154,109.5384615,7,269.6130066,264.8392944,t
#NAME?,7272.615385,-2025.846154,7,269.6130066,151.625,t
S9tIMjyczH8lxkVdaEqPLw,12363.07692,-28.30769231,7,267.3643188,274.0357056,t
Ii4_QF95UYk2cAHEXdn1EA,5464.615385,-280.6153846,1,297.6207275,130.9107208,t
Ii4_QF95UYk2cAHEXdn1EA,10619.07692,-761.8461538,1,297.6207275,219.8392792,t
NI7ma7FS4jHOC_zqpiE1hg,3916.307692,-180.9230769,1,147.5597534,96.7142868,t
#NAME?,13171.69231,-301.5384615,7,269.6130066,264.8392944,t
Ii4_QF95UYk2cAHEXdn1EA,4824.615385,-274.4615385,1,297.6207275,90.55357361,t
Ii4_QF95UYk2cAHEXdn1EA,8316.307692,-717.5384615,1,297.6207275,176.625,t
NI7ma7FS4jHOC_zqpiE1hg,3971.692308,-315.0769231,1,147.5597534,96.7142868,t
z1kamZOPVAoqtY8bWLpI-w,11756.30769,-939.0769231,1,148.4836273,260.375,t
z1kamZOPVAoqtY8bWLpI-w,15804.30769,-183.3846154,1,148.4836273,347.6964417,t
z1kamZOPVAoqtY8bWLpI-w,14288,-242.4615385,1,148.4836273,320.5535583,t
z1kamZOPVAoqtY8bWLpI-w,14531.69231,-204.3076923,1,148.4836273,320.5535583,t
2At5az6m7SkXrp-E5TCj4A,16270.76923,-363.0769231,1,149.2821503,354.2142944,t
2At5az6m7SkXrp-E5TCj4A,15954.46154,-216.6153846,1,149.2821503,354.2142944,t
2At5az6m7SkXrp-E5TCj4A,14151.38462,-297.8461538,1,149.2821503,320.8214417,t
2At5az6m7SkXrp-E5TCj4A,14478.76923,-224,1,149.2821503,320.8214417,t
3p46McMD5I9JwL7qNeUnZA,12736,-1777.230769,1,164.9580383,301.2678528,t
3p46McMD5I9JwL7qNeUnZA,2411.076923,-408.6153846,2,164.9580383,50.4642868,t
3p46McMD5I9JwL7qNeUnZA,1668.923077,-337.2307692,1,164.9580383,50.4642868,t
3p46McMD5I9JwL7qNeUnZA,16144,-176,1,164.9580383,359.8392944,t
3p46McMD5I9JwL7qNeUnZA,15987.69231,-199.3846154,2,164.9580383,359.8392944,t
3p46McMD5I9JwL7qNeUnZA,14985.84615,-673.2307692,1,164.9580383,321.1785583,t
DPFpiJQFnnf46R1bTOk_jg,15986.46154,-177.2307692,1,180.1379395,350.1964417,t
DTN__8w8ljcdVDYlDJ9Vog,9049.846154,-646.1538462,1,180.9406128,185.1071472,t
DTN__8w8ljcdVDYlDJ9Vog,6387.692308,-441.8461538,1,180.9406128,141.625,t
DTN__8w8ljcdVDYlDJ9Vog,6432,-280.6153846,1,180.9406128,141.625,t
DTN__8w8ljcdVDYlDJ9Vog,7088,-192,1,180.9406128,141.625,t
DTN__8w8ljcdVDYlDJ9Vog,9052.307692,-274.4615385,1,180.9406128,197.0714264,t
DTN__8w8ljcdVDYlDJ9Vog,9472,-414.7692308,1,180.9406128,197.0714264,t
DTN__8w8ljcdVDYlDJ9Vog,8308.923077,-196.9230769,1,180.9406128,197.0714264,t
Hea71Bl-hiygf4PeSKMGkg,6029.538462,-267.0769231,1,196.5343323,132.4285736,t
Hea71Bl-hiygf4PeSKMGkg,6583.384615,-254.7692308,1,196.5343323,132.4285736,t
cmucC73cw4gRsuMaUi4rrg,6423.384615,-317.5384615,2,329.4599915,146.8214264,t
cmucC73cw4gRsuMaUi4rrg,6868.923077,-349.5384615,2,329.4599915,146.8214264,t
cmucC73cw4gRsuMaUi4rrg,5256.615385,-569.8461538,2,329.4599915,111.9107132,t
cmucC73cw4gRsuMaUi4rrg,5175.384615,-1255.384615,2,329.4599915,111.9107132,t
cmucC73cw4gRsuMaUi4rrg,11608.61538,-675.6923077,2,329.4599915,259.5,t
cmucC73cw4gRsuMaUi4rrg,11305.84615,-521.8461538,2,329.4599915,259.5,t
cmucC73cw4gRsuMaUi4rrg,9406.769231,-416,2,329.4599915,216.4642792,t
cmucC73cw4gRsuMaUi4rrg,8779.076923,-366.7692308,2,329.4599915,202.9821472,t
wuk--sZ3fJyMsMo4tJuybg,5764.923077,-1166.769231,1,358.3263245,129.375,t
3zcrhqVZmXigArxxbhf3Xg,6174.769231,-729.8461538,3,358.9984741,129.5625,t
3zcrhqVZmXigArxxbhf3Xg,6908.307692,-819.6923077,2,358.9984741,150,t
wuk--sZ3fJyMsMo4tJuybg,1638.153846,-558.7692308,1,358.3263245,17.8125,t
wuk--sZ3fJyMsMo4tJuybg,4436.923077,-868.9230769,2,358.3263245,97.125,t
NxGqyhjeCbOGEzwvXp_5lg,2121.846154,-492.3076923,4,357.7825012,31.875,t
wuk--sZ3fJyMsMo4tJuybg,10603.07692,-1046.153846,2,358.3263245,258.9375,t
wuk--sZ3fJyMsMo4tJuybg,11923.69231,-814.7692308,2,358.3263245,258.9375,t
wuk--sZ3fJyMsMo4tJuybg,14403.69231,-491.0769231,2,358.3263245,329.0625,t
wuk--sZ3fJyMsMo4tJuybg,1011.692308,-455.3846154,2,358.3263245,12.5625,t
qTqy8ApuwdqFJLM39Tpohw,3063.384615,-733.5384615,4,1.429395676,54,t
3zcrhqVZmXigArxxbhf3Xg,10578.46154,-747.0769231,1,358.9984741,229.875,t
wuk--sZ3fJyMsMo4tJuybg,5760,-769.2307692,4,358.3263245,147,t
wuk--sZ3fJyMsMo4tJuybg,15262.76923,-406.1538462,2,358.3263245,329.0625,t
NxGqyhjeCbOGEzwvXp_5lg,2665.846154,-624,4,357.7825012,32.4375,t
Qjt4NB_AdlhK_LsF0cq8tQ,14589.53846,-267.0769231,4,0.785896361,339.75,t
3zcrhqVZmXigArxxbhf3Xg,2327.384615,-771.6923077,1,358.9984741,62.4375,t
3zcrhqVZmXigArxxbhf3Xg,5840,-860.3076923,1,358.9984741,128.0625,t
3zcrhqVZmXigArxxbhf3Xg,13800.61538,-686.7692308,1,358.9984741,300.5625,t
3zcrhqVZmXigArxxbhf3Xg,14749.53846,-632.6153846,2,358.9984741,300.5625,t
3zcrhqVZmXigArxxbhf3Xg,1292.307692,-681.8461538,2,358.9984741,35.0625,t
I1p0qahIaWz_h0bti11jzQ,9779.692308,-769.2307692,6,268.1619568,210.9375,t
SyBRKwoEe9GPdCDLFUtSGg,2452.923077,-361.8461538,3,269.493042,43.6875,t
ATAqxJHKVWC6i-_DW9UL7Q,7444.923077,-721.2307692,4,273.1448975,144.9375,t
H_MWJQ7cpL7DMPDibkkzqw,9561.846154,-761.8461538,4,271.8888245,204.9375,t
jKPGTBV-DOk5OvwDpzNT2w,974.7692308,-884.9230769,2,241.8168335,6.1875,t
jKPGTBV-DOk5OvwDpzNT2w,2697.846154,-379.0769231,2,241.8168335,55.125,t
N-oeZLAXrRig35-DRg1FPQ,2324.923077,-510.7692308,4,270.2634583,44.5200882,t
Y8my1cju0ZJm790K50k4yQ,15656.61538,-764.3076923,2,299.4299011,357.8325806,t
Y8my1cju0ZJm790K50k4yQ,294.1538462,-503.3846154,2,299.4299011,357.8325806,t
Y8my1cju0ZJm790K50k4yQ,2448,-365.5384615,2,299.4299011,41.5200882,t
Y8my1cju0ZJm790K50k4yQ,2902.153846,-358.1538462,2,299.4299011,41.5200882,t
Y8my1cju0ZJm790K50k4yQ,4573.538462,-494.7692308,2,299.4299011,103.3950882,t
Y8my1cju0ZJm790K50k4yQ,5080.615385,-594.4615385,2,299.4299011,103.3950882,t
Y8my1cju0ZJm790K50k4yQ,7848.615385,-1257.846154,2,299.4299011,196.3950958,t
Y8my1cju0ZJm790K50k4yQ,10610.46154,-1769.846154,2,299.4299011,196.3950958,t
VNXsMDKtdyuT1187K8Ibag,8816,-779.0769231,1,34.52826691,208.875,t
HVL0n0BYcC3AQhGiz11dNg,4190.769231,-1598.769231,1,34.48353958,105,t
HVL0n0BYcC3AQhGiz11dNg,6711.384615,-674.4615385,1,34.48353958,161.625,t
HVL0n0BYcC3AQhGiz11dNg,8060.307692,-441.8461538,1,34.48353958,161.625,t
HVL0n0BYcC3AQhGiz11dNg,9224.615385,-473.8461538,1,34.48353958,187.3125,t
HVL0n0BYcC3AQhGiz11dNg,14477.53846,-311.3846154,1,34.48353958,296.8125,t
treyXG0iNYWO-B5UX1nRbw,15318.15385,-696.6153846,1,312.9138184,338.0625,t
treyXG0iNYWO-B5UX1nRbw,98.46153846,-658.4615385,1,312.9138184,2.625,t
treyXG0iNYWO-B5UX1nRbw,11214.76923,-393.8461538,1,312.9138184,245.0625,t
treyXG0iNYWO-B5UX1nRbw,10573.53846,-417.2307692,1,312.9138184,235.3125,t
treyXG0iNYWO-B5UX1nRbw,7456,-290.4615385,1,312.9138184,180.375,t
treyXG0iNYWO-B5UX1nRbw,4814.769231,-339.6923077,1,312.9138184,102.375,t
gaS_5JMafCP7H-HBblKerg,184.6153846,-1078.153846,1,218.817276,356.625,t
gaS_5JMafCP7H-HBblKerg,3260.307692,-892.3076923,1,218.817276,76.6875,t
gaS_5JMafCP7H-HBblKerg,3913.846154,-784,4,218.817276,76.6875,t
GjqtsBbRZzi_3Xo6nPLGgw,9433.846154,-1538.461538,1,65.78544617,224.25,t
GjqtsBbRZzi_3Xo6nPLGgw,12558.76923,-865.2307692,1,65.78544617,259.5,t
JghltopjwDUBDFPzINbmMw,14280.61538,-867.6923077,4,24.22348785,324.5625,t
_zDerr4r6cyvipeYfrVVJQ,9366.153846,-1574.153846,1,295.6425171,213.5625,t
_zDerr4r6cyvipeYfrVVJQ,235.0769231,-790.1538462,1,295.6425171,5.0625,t
_zDerr4r6cyvipeYfrVVJQ,2759.384615,-484.9230769,1,295.6425171,60.75,t
_zDerr4r6cyvipeYfrVVJQ,3616,-413.5384615,1,295.6425171,60.75,t
6WbY_F4cHQF3KGel39vcQw,8107.076923,-1166.769231,1,120.5727234,185.25,t
6WbY_F4cHQF3KGel39vcQw,8604.307692,-659.6923077,3,120.5727234,185.625,t
6WbY_F4cHQF3KGel39vcQw,52.92307692,-1576.615385,1,120.5727234,3.1875,t
6WbY_F4cHQF3KGel39vcQw,15170.46154,-728.6153846,1,120.5727234,3.1875,t
6WbY_F4cHQF3KGel39vcQw,13683.69231,-337.2307692,1,120.5727234,294.9375,t
6WbY_F4cHQF3KGel39vcQw,11289.84615,-450.4615385,2,120.5727234,241.875,t
RDaXSbziEjAp3eU3LDKnEg,11289.84615,-672,4,358.7060852,260.625,t
6WbY_F4cHQF3KGel39vcQw,8950.153846,-886.1538462,2,120.5727234,200.25,t
RDaXSbziEjAp3eU3LDKnEg,12132.92308,-676.9230769,4,358.7060852,260.625,t
NQANnpx_DaSTTS5OS-V-HA,11421.53846,-664.6153846,4,358.6532898,282.1875,t
TO5jBZFHuSSzK6p1NnXgJQ,11294.76923,-668.3076923,4,358.4310303,231.9375,t
TO5jBZFHuSSzK6p1NnXgJQ,10257.23077,-562.4615385,4,358.4310303,230.9107208,t
GxlBBMmxjTeM5FZNLj7GxA,10172.30769,-561.2307692,2,359.9326172,239.9285736,t
GxlBBMmxjTeM5FZNLj7GxA,12043.07692,-646.1538462,2,359.9326172,239.9285736,t
CSlZQVPLS_IjasASmHm-SQ,11177.84615,-674.4615385,2,0.064856432,231.4910736,t
CSlZQVPLS_IjasASmHm-SQ,13326.76923,-556.3076923,2,0.064856432,295.9910583,t
gp_qMztZRvfzZ3kaiHSgjg,2886.153846,-308.9230769,1,315.7719421,67.765625,t
gp_qMztZRvfzZ3kaiHSgjg,3265.230769,-300.3076923,1,315.7719421,67.765625,t
gp_qMztZRvfzZ3kaiHSgjg,4720,-368,2,315.7719421,108.078125,t
gp_qMztZRvfzZ3kaiHSgjg,5249.230769,-429.5384615,2,315.7719421,108.078125,t
gp_qMztZRvfzZ3kaiHSgjg,10609.23077,-727.3846154,1,315.7719421,229.59375,t
gp_qMztZRvfzZ3kaiHSgjg,14627.69231,-500.9230769,2,315.7719421,321.7410583,t
A-eM226LYCgGNB1WLubj8Q,461.5384615,-852.9230769,4,315.6326904,11.15625,t
A-eM226LYCgGNB1WLubj8Q,38.15384615,-509.5384615,4,315.6326904,14.01339245,t
XakKhOcQsbn8S3CsWNvPaw,1110.153846,-1310.769231,1,306.2460327,22.3169651,t
ENwChk0mv975oT08FxdQGQ,10387.69231,-1218.461538,4,161.3479614,232.7366028,t
D5Se4AuiyxHr2ht2CkjnBQ,11801.84615,-1652.923077,1,183.4651642,251.6741028,t
D5Se4AuiyxHr2ht2CkjnBQ,9176.615385,-1214.769231,4,183.4651642,213.2366028,t
vab8Pdz_crutOLFqS9r9Ew,868.9230769,-548.9230769,1,54.60427856,19.1272316,t
vab8Pdz_crutOLFqS9r9Ew,1666.461538,-720,4,54.60427856,41.85044479,t
vab8Pdz_crutOLFqS9r9Ew,3232,-982.1538462,1,54.60427856,69.27232361,t
vab8Pdz_crutOLFqS9r9Ew,4569.846154,-1137.230769,1,54.60427856,100.2544632,t
vab8Pdz_crutOLFqS9r9Ew,10612.92308,-492.3076923,1,54.60427856,232.0245514,t
vab8Pdz_crutOLFqS9r9Ew,10007.38462,-550.1538462,2,54.60427856,230.4241028,t
7LNl50ku5osLMTIJOLVdGg,10660.92308,-1043.692308,1,123.0086594,244.6071472,t
7LNl50ku5osLMTIJOLVdGg,12001.23077,-929.2307692,1,123.0086594,244.6071472,t
7LNl50ku5osLMTIJOLVdGg,14864,-526.7692308,1,123.0086594,334.25,t
7LNl50ku5osLMTIJOLVdGg,15741.53846,-471.3846154,1,123.0086594,334.25,t
7LNl50ku5osLMTIJOLVdGg,2129.230769,-503.3846154,1,123.0086594,43.0892868,t
7LNl50ku5osLMTIJOLVdGg,1401.846154,-445.5384615,1,123.0086594,43.0892868,t
7LNl50ku5osLMTIJOLVdGg,4500.923077,-691.6923077,1,123.0086594,103.1785736,t
7LNl50ku5osLMTIJOLVdGg,5597.538462,-875.0769231,1,123.0086594,103.1785736,t
fQsBRVcUJp8g86j0_mkRTg,13849.84615,-502.1538462,6,0.560560107,304.5178528,t
fQsBRVcUJp8g86j0_mkRTg,11638.15385,-743.3846154,6,0.560560107,253.8928528,t
pX8k1JNtPHn6ApSLt0WG-A,3622.153846,-797.5384615,4,359.562439,93.25892639,t
pX8k1JNtPHn6ApSLt0WG-A,12194.46154,-736,4,359.562439,259.7767944,t
0B9wIwkxqRH0Ji_LGefdug,12648.61538,-616.6153846,4,358.3675537,283.9441833,t
30wSSwpQyfXG91DmzPtzXw,4273.230769,-956.3076923,4,357.8899231,81.16517639,t
nH5UoZDHNq05VsGPU_Luuw,11897.84615,-649.8461538,4,0.201177597,266.0848083,t
fCtC9i0NHuXWaxJaKQCCnA,3476.923077,-781.5384615,4,0.311122835,77.78125,t
Hw0xWH4HqJTn2yhCpwNHoA,4937.846154,-870.1538462,4,359.1414185,102.2455368,t
wd5elmD8OEX2GhecoZ3TtA,2801.230769,-663.3846154,4,0.053349018,60.96875,t
rcIYDm-POXMqPkA8Wg5sWw,3905.230769,-603.0769231,1,36.75958633,79.54017639,t
rcIYDm-POXMqPkA8Wg5sWw,13741.53846,-1524.923077,1,36.75958633,291.9508972,t
RgAYCVuHf6sd0iTrBNwUnQ,10446.76923,-561.2307692,2,89.83127594,218.4330292,t
RgAYCVuHf6sd0iTrBNwUnQ,6926.769231,-840.6153846,2,89.83127594,142.6294708,t
fuYW1uGYLzBBwmPI90m_aA,16273.23077,-1328,1,299.9169922,22,t
fuYW1uGYLzBBwmPI90m_aA,13012.92308,-416,1,299.9169922,303.625,t
fuYW1uGYLzBBwmPI90m_aA,12537.84615,-368,1,299.9169922,287.2857056,t
fuYW1uGYLzBBwmPI90m_aA,10253.53846,-320,1,299.9169922,233.2299042,t
fuYW1uGYLzBBwmPI90m_aA,10745.84615,-304,1,299.9169922,233.2299042,t
fuYW1uGYLzBBwmPI90m_aA,7606.153846,-547.6923077,1,299.9169922,179.390625,t
fuYW1uGYLzBBwmPI90m_aA,8332.307692,-477.5384615,1,299.9169922,179.390625,t
7cwGTyrtV6yKUtHO6TmUew,12830.76923,-816,2,180.8530884,285.4910583,t
7cwGTyrtV6yKUtHO6TmUew,12759.38462,-631.3846154,7,180.8530884,285.4910583,t
7cwGTyrtV6yKUtHO6TmUew,14838.15385,-980.9230769,2,180.8530884,319.6875,t
7cwGTyrtV6yKUtHO6TmUew,2211.692308,-825.8461538,2,180.8530884,64.95536041,t
7cwGTyrtV6yKUtHO6TmUew,9252.923077,-654.7692308,2,180.8530884,210.9375,t
F-b4qLFcdSOfTZ6fQIfk1Q,5316.923077,-662.1538462,4,180.8893738,128.2053528,t
xqSBfoABGMynOhaT3pHAfw,4448,-594.4615385,4,179.1987762,97.1986618,t
xqSBfoABGMynOhaT3pHAfw,12364.30769,-780.3076923,4,179.1987762,272.078125,t
V-L9_vKYo_c8ftXiiIei2w,10824.61538,-647.3846154,7,178.6692657,242.6852722,t
QNmy3RmTj5TLI0QI-f1akA,15570.46154,-690.4615385,4,93.06611633,349.7767944,t
7cwGTyrtV6yKUtHO6TmUew,3467.076923,-718.7692308,1,180.8530884,69.41963959,t
7cwGTyrtV6yKUtHO6TmUew,5682.461538,-557.5384615,2,180.8530884,136.7410736,t
7cwGTyrtV6yKUtHO6TmUew,10439.38462,-697.8461538,2,180.8530884,227.3660736,t
dKpqih5ra1CpJjoidkcP2Q,9817.846154,-662.1538462,4,180.2762299,215.5825958,t
QOj07LM2sJRztq0zpQgdiA,2475.076923,-328.6153846,4,179.4252625,55.375,t
nDi47xXKVTQ8Sv6vPhGllw,5204.923077,-600.6153846,4,179.0063782,115.0870514,t
V-L9_vKYo_c8ftXiiIei2w,13486.76923,-934.1538462,1,178.6692657,295.7120667,t
V-L9_vKYo_c8ftXiiIei2w,1995.076923,-739.6923077,2,178.6692657,52.14955521,t
V-L9_vKYo_c8ftXiiIei2w,6093.538462,-615.3846154,1,178.6692657,130.8995514,t
EhTLRzg6TtmIoY7RehxgpQ,7238.153846,-913.2307692,4,87.83771515,153.6964264,t
7cwGTyrtV6yKUtHO6TmUew,6720,-594.4615385,2,180.8530884,151.4732208,t
7cwGTyrtV6yKUtHO6TmUew,10775.38462,-567.3846154,7,180.8530884,237.2767792,t
F-b4qLFcdSOfTZ6fQIfk1Q,4812.307692,-594.4615385,4,180.8893738,119.6339264,t
F-b4qLFcdSOfTZ6fQIfk1Q,5489.230769,-516.9230769,4,180.8893738,119.6339264,t
F-b4qLFcdSOfTZ6fQIfk1Q,5038.769231,-489.8461538,4,180.8893738,119.6339264,t
QOj07LM2sJRztq0zpQgdiA,5101.538462,-616.6153846,4,179.4252625,109.1540146,t
9LEVZRCMnKr72YlnRxmw1g,5703.384615,-541.5384615,4,179.0748138,119.9107132,t
xqSBfoABGMynOhaT3pHAfw,4947.692308,-563.6923077,4,179.1987762,101.6986618,t
V-L9_vKYo_c8ftXiiIei2w,3534.769231,-545.2307692,2,178.6692657,65.09598541,t
V-L9_vKYo_c8ftXiiIei2w,9752.615385,-787.6923077,1,178.6692657,208.9352722,t
V-L9_vKYo_c8ftXiiIei2w,12915.69231,-624,7,178.6692657,289.5602722,t
EhTLRzg6TtmIoY7RehxgpQ,862.7692308,-528,4,87.83771515,19.7678566,t
7p9kDD1V5eaKoDnMh3wsHQ,14808.61538,-658.4615385,4,87.80171204,315.1696472,t
7p9kDD1V5eaKoDnMh3wsHQ,1596.307692,-441.8461538,4,87.80171204,39.7767868,t
U_2W2VIqIhhaIJOesAhC4Q,14196.92308,-694.1538462,1,40.60577393,300.3928528,t
U_2W2VIqIhhaIJOesAhC4Q,14790.15385,-544,1,40.60577393,324.8571472,t
U_2W2VIqIhhaIJOesAhC4Q,6147.692308,-1059.692308,1,40.60577393,102.2678604,t
k23kc7Xv1jMJPc8IpxoesQ,7843.692308,-603.0769231,1,41.88804626,165.8303528,t
k23kc7Xv1jMJPc8IpxoesQ,3454.769231,-477.5384615,1,41.88804626,71.76786041,t
k23kc7Xv1jMJPc8IpxoesQ,16094.76923,-444.3076923,1,41.88804626,349.21875,t
BoeFG0mOOkkuYiWjGLYqWQ,1145.846154,-832,4,313.1098633,17.6584816,t
gJLHJ-MwXyZ6Y081y2eysg,1218.461538,-1864.615385,1,325.5856323,29.2924099,t
8msIgrNGXaXaRv_DcJc28A,2738.461538,-1521.230769,1,279.0689392,54.2299118,t
KupZYyugFrMfdMb63NOztQ,15731.69231,-910.7692308,1,194.9432526,343.6941833,t
KupZYyugFrMfdMb63NOztQ,5139.692308,-568.6153846,1,194.9432526,100.5691986,t
gJLHJ-MwXyZ6Y081y2eysg,9680,-402.4615385,1,325.5856323,215.7901764,t
LxNn4x8zmjq1sbAA7j2P2A,4632.615385,-1069.538462,3,89.51483154,86,t
7AeIKET-ztXR3BV68xpO9g,12816,-395.0769231,7,337.0064392,264.5625,t
7AeIKET-ztXR3BV68xpO9g,8066.461538,-434.4615385,7,337.0064392,175.5,t
7AeIKET-ztXR3BV68xpO9g,3533.538462,-1297.230769,7,337.0064392,58.6875,t
tcwJq8UqJYDxR9gs34c6ow,3913.846154,-1085.538462,7,311.6348267,118.875,t
tcwJq8UqJYDxR9gs34c6ow,7380.923077,-1062.153846,7,311.6348267,118.875,t
6EUSX1keWxc1re7Wh1Z3ig,3527.384615,-1443.692308,7,297.3854065,112.6875,t
6EUSX1keWxc1re7Wh1Z3ig,7177.846154,-1058.461538,7,297.3854065,112.6875,t
ZACnPLxi0HnfY6aC7604Pw,1662.769231,-1632,7,262.8433228,89.8125,t
ZACnPLxi0HnfY6aC7604Pw,6606.769231,-944,7,262.8433228,99.1875,t
xm4XlDYLovc9EWxES19FYA,6416,-646.1538462,7,242.0440063,99.1875,t
xm4XlDYLovc9EWxES19FYA,365.5384615,-1612.307692,7,242.0440063,27.75,t
nFl2ybDzZbV4UYAJUHJbMg,15974.15385,-1468.307692,7,221.2405701,36,t
nFl2ybDzZbV4UYAJUHJbMg,6692.923077,-681.8461538,7,221.2405701,135.1875,t
nFl2ybDzZbV4UYAJUHJbMg,3924.923077,-745.8461538,7,221.2405701,89.8125,t
ppJmEGp-burQmS4vGHv69A,15452.30769,-1302.153846,7,202.9697876,24.5625,t
ppJmEGp-burQmS4vGHv69A,3241.846154,-1046.153846,7,202.9697876,24.5625,t
iQD3YoTQKChElwefUBmmrg,14125.53846,-1497.846154,7,192.1977539,320.4375,t
iQD3YoTQKChElwefUBmmrg,6103.384615,-989.5384615,7,192.1977539,136.3125,t
4NRIBZLdJVhK8ajE3zOgwQ,4196.923077,-1732.923077,7,320.541626,78.75,t
4NRIBZLdJVhK8ajE3zOgwQ,12648.61538,-648.6153846,7,320.541626,321.75,t
4NRIBZLdJVhK8ajE3zOgwQ,1355.076923,-1710.769231,7,320.541626,354.375,t
YQ4aVCxpRoV1Za4euuqLmA,13795.69231,-827.0769231,7,338.4171448,342,t
YQ4aVCxpRoV1Za4euuqLmA,1027.692308,-942.7692308,7,338.4171448,342,t
mEN1-Ez3g5Yy0seyACvQ7g,13826.46154,-621.5384615,7,347.8936157,342,t
mEN1-Ez3g5Yy0seyACvQ7g,1008,-829.5384615,7,347.8936157,342,t
IaPwwDBNIeSqqi6G2dkAXA,14200.61538,-740.9230769,7,351.4550781,344.625,t
IaPwwDBNIeSqqi6G2dkAXA,1026.461538,-985.8461538,7,351.4550781,344.625,t
3yRDWfaDK_DOV7HarVdOaw,480,-984.6153846,7,347.8213501,341.0625,t
3yRDWfaDK_DOV7HarVdOaw,14098.46154,-616.6153846,7,347.8213501,341.0625,t
rLxOpRpm4sSA3_wKUltD8Q,13836.30769,-643.6923077,7,352.1942444,344.625,t
rLxOpRpm4sSA3_wKUltD8Q,937.8461538,-968.6153846,7,352.1942444,344.625,t
_1Hs_YqR3A4JLq1mC4qxXQ,2134.153846,-1073.230769,7,278.3171997,44.4375,t
HkQw09yBCWmpDtL4F7aENw,14302.76923,-473.8461538,7,351.2128296,342,t
IU9E1-juMKAcGBMpgWaa-g,670.7692308,-801.2307692,7,353.7339478,344.625,t
IU9E1-juMKAcGBMpgWaa-g,13902.76923,-531.6923077,7,353.7339478,344.625,t
#NAME?,1517.538462,-1148.307692,7,331.9063416,358.125,t
MHOC8fNghJ1nAjK0Pggr8w,16065.23077,-884.9230769,7,326.6585083,321,t
9WmxbBygyaTYzlMl28Qwxg,12918.15385,-603.0769231,7,326.3638,314.25,t
9WmxbBygyaTYzlMl28Qwxg,16019.69231,-674.4615385,7,326.3638,314.25,t
HkQw09yBCWmpDtL4F7aENw,1212.307692,-931.6923077,7,351.2128296,348.375,t
#NAME?,13826.46154,-766.7692308,7,331.9063416,334.875,t
MHOC8fNghJ1nAjK0Pggr8w,13368.61538,-844.3076923,7,326.6585083,321,t
_1Hs_YqR3A4JLq1mC4qxXQ,8720,-1396.923077,7,278.3171997,199.3125,t
5f6UAV6KRhpRiUOg9Aw-qg,978.4615385,-569.8461538,1,90.04037476,16.15625,t
5f6UAV6KRhpRiUOg9Aw-qg,11131.07692,-603.0769231,1,90.04037476,257.09375,t
5f6UAV6KRhpRiUOg9Aw-qg,14630.15385,-328.6153846,1,90.04037476,329.3236694,t
S3DREANp0DnokEtZU-HcXw,4061.538462,-1096.615385,4,358.9308777,77.5580368,t
S3DREANp0DnokEtZU-HcXw,11353.84615,-992,4,358.9308777,245.2276764,t
BEa5noICZ6L9qUHmvRSpdA,4301.538462,-1052.307692,3,359.0785828,117.5044632,t
ltua0w0nCbWEi8zYlzX5nQ,3668.923077,-1111.384615,4,359.1037292,79.11161041,t
ltua0w0nCbWEi8zYlzX5nQ,12893.53846,-964.9230769,4,359.1037292,278.7544556,t
-38EjtY4Fjf__Ia9vr19Wg,3625.846154,-1088,4,359.0894165,82.6138382,t
_ooQwlzQF_tLa6m_NydXoQ,10132.92308,-880,3,359.1387634,224.7611542,t
_ooQwlzQF_tLa6m_NydXoQ,13597.53846,-867.6923077,4,359.1387634,294.6540222,t
_DXSEcPlVZg1BcAcYExtmA,4912,-1000.615385,4,359.1725159,118.2611618,t
yoRjkqbEvGi3DLiMHpPlrQ,12246.15385,-1004.307692,4,359.1589355,281.2075806,t
TIfamuruFLruNvHHEq-rKg,11516.30769,-931.6923077,4,1.074718833,256.8236694,t
TIfamuruFLruNvHHEq-rKg,3004.307692,-1070.769231,4,1.074718833,65.2075882,t
r2Oo5S8v2ritGCEjbC3fEA,5102.769231,-1170.461538,4,1.633367658,98.55580139,t
yniMIVaOvbrF21Hv797hZw,4638.769231,-1408,4,358.674469,109.546875,t
yniMIVaOvbrF21Hv797hZw,11395.69231,-772.9230769,4,358.674469,260.0379333,t
yniMIVaOvbrF21Hv797hZw,3191.384615,-1345.230769,4,358.674469,62.22544479,t
9Ec-rByR7q90916QMnrZjw,12596.92308,-823.3846154,4,357.5133057,283.2232056,t
9Ec-rByR7q90916QMnrZjw,3700.923077,-1363.692308,4,357.5133057,91.5736618,t
WejfbZ22qlq-VZJwreE5Fg,4610.461538,-1252.923077,4,356.3876038,89.1361618,t
nZMTzQsf8Yhsb8Dd9yBwHw,2589.538462,-903.3846154,4,356.5064087,58.77231979,t
hzC3AhfMKcUpeJApBXCGSA,1958.153846,-737.2307692,4,358.7557678,46.95981979,t
hzC3AhfMKcUpeJApBXCGSA,4358.153846,-1122.461538,4,358.7557678,95.4419632,t
oAfObst8-OwFlUaV1Ca8kQ,2724.923077,-1171.692308,4,4.415064335,58.82143021,t
WoQQ5Drr4c7oTYtoYoYUpQ,5400.615385,-1113.846154,1,346.7501526,116.0982132,t
WoQQ5Drr4c7oTYtoYoYUpQ,12963.69231,-791.3846154,1,346.7501526,290.4732056,t
4EkzT5gKBxFPyqgJujmPiA,11159.38462,-443.0769231,4,164.6736145,244.7678528,t
N7XP_itKYSRPtDObOgrBVg,9353.846154,-1825.230769,1,140.0160522,210.1205292,t
N7XP_itKYSRPtDObOgrBVg,12747.07692,-1100.307692,1,140.0160522,279.8973083,t
_FYg_SosgQnGpdZWIzZOLQ,15488,-1235.692308,1,269.5877075,337.5669556,t
_FYg_SosgQnGpdZWIzZOLQ,233.8461538,-743.3846154,1,269.5877075,357.2098083,t
YS0gS3Qqp5NBFcTwQhizVA,1136,-734.7692308,1,269.4592896,30.46875,t
YS0gS3Qqp5NBFcTwQhizVA,3046.153846,-660.9230769,1,269.4592896,65.484375,t
YS0gS3Qqp5NBFcTwQhizVA,5884.307692,-267.0769231,1,269.4592896,127.6875,t
_FYg_SosgQnGpdZWIzZOLQ,8449.230769,-528,7,269.5877075,180.4732208,t
2LC_s3bKjk23akaMjIg-sw,14248.61538,-590.7692308,4,269.4407043,317.6160583,t
2LC_s3bKjk23akaMjIg-sw,8770.461538,-478.7692308,7,269.4407043,203.0625,t
FV6DlRKb1i3BAmMTgyOe7g,15915.07692,-813.5384615,4,269.3599243,352.6049194,t
Rnyo_eVNmfyIVbpd8DQUhQ,1883.076923,-665.8461538,4,269.2017212,44.25669479,t
Rnyo_eVNmfyIVbpd8DQUhQ,8094.769231,-441.8461538,7,269.2017212,172.203125,t
3vQZ-VOzsgCHbb5qkkN77A,15718.15385,-812.3076923,4,269.3970947,346.1830444,t
3vQZ-VOzsgCHbb5qkkN77A,8177.230769,-427.0769231,7,269.3970947,176.9241028,t
FJXZlhq1mrA_YcRtffgemA,180.9230769,-793.8461538,4,269.3025513,3.743303537,t
iDKCCt7fhqQXifF0I9vdPw,15092.92308,-738.4615385,4,269.2773438,334.7098083,t
AqwNzjEXzE0LhxIln801Gg,1000.615385,-800,2,269.4089966,24.53125,t
AqwNzjEXzE0LhxIln801Gg,15011.69231,-812.3076923,2,269.4089966,318.4598083,t
AqwNzjEXzE0LhxIln801Gg,8187.076923,-473.8461538,7,269.4089966,181.5848236,t
AqwNzjEXzE0LhxIln801Gg,1197.538462,-612.9230769,4,269.4089966,23.1941967,t
h23DpudAUQLh6JtsZcPseg,3094.153846,-947.6923077,4,355.7403259,73.28794861,t
dKC7lxGxB8MNWKOrDOpZsQ,12859.07692,-1236.923077,4,3.909940481,299.7165222,t
Qw2oaODrL9gZo1F6ycUK2Q,11609.84615,-946.4615385,2,21.66045761,274.5915222,t
RzaKd9b0PafelNebCgkueQ,7070.769231,-715.0769231,4,89.95110321,162.6897278,t
gQLG7ilc3tJynqZBXb_gpQ,946.4615385,-726.1538462,4,315.3668213,19.0915184,t
h23DpudAUQLh6JtsZcPseg,11758.76923,-1176.615385,4,355.7403259,262.0379333,t
TrU4DYp3l-VZwSqYcDGq3A,14296.61538,-1099.076923,4,359.816803,297.1629333,t
dKC7lxGxB8MNWKOrDOpZsQ,2899.692308,-860.3076923,4,3.909940481,50.4486618,t
tMFdyUdtKduVYsbRA-fFIw,12043.07692,-904.6153846,2,350.7145996,268.5915222,t
4q6KSwWJjSZLUHCYQ-wuhw,16112,-633.8461538,2,40.0184288,358.7165222,t
4q6KSwWJjSZLUHCYQ-wuhw,7259.076923,-1028.923077,4,40.0184288,131.4933014,t
h23DpudAUQLh6JtsZcPseg,13650.46154,-1054.769231,4,355.7403259,301.234375,t
tNH4DUVFBqPJQzeTB_TYrw,2992,-919.3846154,4,359.6131592,73.28794861,t
tMFdyUdtKduVYsbRA-fFIw,12684.30769,-1070.769231,2,350.7145996,268.5915222,t
4q6KSwWJjSZLUHCYQ-wuhw,115.6923077,-772.9230769,2,40.0184288,358.7165222,t
RzaKd9b0PafelNebCgkueQ,6242.461538,-550.1538462,3,89.95110321,137.8683014,t
h23DpudAUQLh6JtsZcPseg,14996.92308,-632.6153846,4,355.7403259,316.9486694,t
LmXl_0zdMQ1H4d6F3E4OsQ,4385.230769,-902.1538462,4,0.492622495,102.9129486,t
Qw2oaODrL9gZo1F6ycUK2Q,6450.461538,-1315.692308,4,21.66045761,115.2165146,t
Qw2oaODrL9gZo1F6ycUK2Q,3504,-1700.923077,2,21.66045761,112.2165146,t
TrU4DYp3l-VZwSqYcDGq3A,5399.384615,-855.3846154,4,359.816803,126.1629486,t
yQZTHOdhIMTSodZfDgxSSA,12055.38462,-1399.384615,4,1.03279829,276.234375,t
Qw2oaODrL9gZo1F6ycUK2Q,6646.153846,-2066.461538,2,21.66045761,112.2165146,t
LmXl_0zdMQ1H4d6F3E4OsQ,12637.53846,-1388.307692,4,0.492622495,277.6629333,t
6_ls3eHi82wE2Qaru535tQ,3548.307692,-800,4,1.129611373,76.984375,t
Qw2oaODrL9gZo1F6ycUK2Q,12355.69231,-817.2307692,2,21.66045761,274.5915222,t
mGT34sB3X3hnUKeO9aHUkg,9728,-768,4,97.83132935,212.234375,t
mGT34sB3X3hnUKeO9aHUkg,7993.846154,-913.2307692,4,97.83132935,173.421875,t
sOAgbWeCMP-MX3AIZgLnuQ,9238.153846,-1532.307692,1,86.82791138,197.9866028,t
sOAgbWeCMP-MX3AIZgLnuQ,14851.69231,-809.8461538,1,86.82791138,326.1026917,t
sOAgbWeCMP-MX3AIZgLnuQ,14800,-641.2307692,4,86.82791138,326.1026917,t
cEoTpHQla65lPtOAt9dofQ,4944,-416,1,87.89111328,103.8459854,t
cEoTpHQla65lPtOAt9dofQ,2913.230769,-502.1538462,1,87.89111328,67.09598541,t
Wo48_aT9oB8iT_kLiRKPyw,8235.076923,-217.8461538,7,229.726944,188.875,t
Wo48_aT9oB8iT_kLiRKPyw,8556.307692,-536.6153846,7,229.726944,188.875,t
Wo48_aT9oB8iT_kLiRKPyw,10257.23077,-377.8461538,7,229.726944,188.875,t
Wo48_aT9oB8iT_kLiRKPyw,12896,-472.6153846,7,229.726944,299.875,t
Wo48_aT9oB8iT_kLiRKPyw,14657.23077,-1865.846154,7,229.726944,322.375,t
Wo48_aT9oB8iT_kLiRKPyw,16358.15385,-1731.692308,7,229.726944,352.3928528,t
Wo48_aT9oB8iT_kLiRKPyw,16300.30769,-364.3076923,3,229.726944,1.591517806,t
Wo48_aT9oB8iT_kLiRKPyw,1277.538462,-478.7692308,7,229.726944,53.5334816,t
Wo48_aT9oB8iT_kLiRKPyw,3292.307692,-683.0769231,7,229.726944,66.09598541,t
Dumcp-LNnzpJtoKjiYO--g,8168.615385,-222.7692308,7,296.824707,150.2834778,t
Dumcp-LNnzpJtoKjiYO--g,7565.538462,-562.4615385,7,296.824707,150.2834778,t
Dumcp-LNnzpJtoKjiYO--g,6331.076923,-605.5384615,7,296.824707,137.9084778,t
-8dKzInaNVb6QlLiQ1RgaQ,7266.461538,-886.1538462,7,267.1842651,142.5959778,t
-8dKzInaNVb6QlLiQ1RgaQ,1212.307692,-1287.384615,7,267.1842651,23.3459816,t
Oi_zUQ0eZyIIJuWFQsF0uQ,7689.846154,-781.5384615,7,268.6011047,157.2209778,t
Oi_zUQ0eZyIIJuWFQsF0uQ,476.3076923,-1408,7,268.6011047,8.720982552,t
9xojTQVycpKDTXyqwQjwOg,2291.692308,-979.6923077,7,267.6000366,31.0334816,t
9xojTQVycpKDTXyqwQjwOg,6355.692308,-564.9230769,7,267.6000366,144.9888458,t
adncGCyUWm5LJlS4P-o8mA,7831.384615,-444.3076923,1,159.7042389,179.8638458,t
adncGCyUWm5LJlS4P-o8mA,10130.46154,-880,1,159.7042389,217.3638458,t
adncGCyUWm5LJlS4P-o8mA,14286.76923,-470.1538462,1,159.7042389,308.5245667,t
adncGCyUWm5LJlS4P-o8mA,15027.69231,-370.4615385,1,159.7042389,329.2388306,t
adncGCyUWm5LJlS4P-o8mA,1405.538462,-345.8461538,1,159.7042389,33.2857132,t
adncGCyUWm5LJlS4P-o8mA,5805.538462,-275.6923077,1,159.7042389,120.6629486,t
hUUscaZ-w_jChOoQnHFO-A,10952.61538,-1352.615385,4,161.3454285,235.0290222,t
HAwlDx92WFI47DXGapbP0g,11131.07692,-1256.615385,1,163.483963,245.6428528,t
RTqEVv23UM3L4U50JyR4dg,12723.69231,-1089.230769,1,163.4174957,304.3303528,t
dmPfpgMh_hvxr-USb_Wemg,10438.15385,-1128.615385,1,161.7815704,218.2678528,t
dmPfpgMh_hvxr-USb_Wemg,14272,-621.5384615,1,161.7815704,308.4553528,t
xH_1fDXe4FXo-Q9QP8UZ-A,10747.07692,-1123.692308,1,161.3240204,226.9107208,t
xH_1fDXe4FXo-Q9QP8UZ-A,14339.69231,-603.0769231,1,161.3240204,279.5982056,t
4hG3lFtq1TUcNVnOA5L08Q,14449.23077,-1095.384615,1,161.4428864,326.6607056,t
4hG3lFtq1TUcNVnOA5L08Q,2038.153846,-577.2307692,1,161.4428864,79.9107132,t
Kdy17T0hvCa_9qpAJYHLjg,9895.384615,-1483.076923,3,161.3679199,219.4107208,t
Kdy17T0hvCa_9qpAJYHLjg,8798.769231,-1005.538462,3,161.3679199,221.0982208,t
JKl0dvQHWiZfxdx-kVcp_w,10769.23077,-1369.846154,4,161.4231262,240.4107208,t
mvnYjPHH3a6FMcYDtTSqdQ,10809.84615,-1010.461538,1,159.5359192,218.6361542,t
mvnYjPHH3a6FMcYDtTSqdQ,9376,-571.0769231,1,159.5359192,220.3236542,t
LJKMolMCK94y0JY9-dioXg,10262.15385,-1890.461538,1,159.7667389,225.1986542,t
LJKMolMCK94y0JY9-dioXg,4688,-406.1538462,1,159.7667389,89.9486618,t
AMPSfk0QCyATAu68K5up6w,11735.38462,-1073.230769,1,159.9211578,267.7433167,t
ExF0KDgouOiG3OvNCeLinw,14595.69231,-768,1,160.2308655,312.421875,t
ExF0KDgouOiG3OvNCeLinw,12989.53846,-930.4615385,1,160.2308655,312.421875,t
Vyy9fUxkiJSxcJElurKAHA,1415.384615,-467.6923077,1,88.56717682,19.2053566,t
Vyy9fUxkiJSxcJElurKAHA,5571.692308,-675.6923077,1,88.56717682,116.0200882,t
Vyy9fUxkiJSxcJElurKAHA,7217.230769,-612.9230769,1,88.56717682,165.2366028,t
Vyy9fUxkiJSxcJElurKAHA,9246.769231,-667.0769231,1,88.56717682,199.9709778,t
-8MJ6lbwwx0JSFY0NhXXYQ,1419.076923,-878.7692308,1,348.0852356,24.4508934,t
xv_HS_Q-YPWBBDxi4UI1Kw,9099.076923,-1068.307692,1,347.6722107,204.125,t
xv_HS_Q-YPWBBDxi4UI1Kw,4450.461538,-684.3076923,4,347.6722107,99.1607132,t
H__cSTPL3vwTZxaqRk8Rjg,3383.384615,-637.5384615,4,347.2065125,78.203125,t
CPSqT7H0cQ1PpUs3PRt0kQ,2962.461538,-774.1538462,4,347.6674194,58.22768021,t
q5fCC1bQp9rWAqsK2INudg,2710.153846,-628.9230769,4,347.6725159,60.8013382,t
anIS02XmyukEotcpAwEHDQ,3337.846154,-636.3076923,4,348.1318359,77.57588959,t
9Ix3kQsLG9Jiebfr8jHcNw,1879.384615,-473.8461538,4,347.8092041,44.9977684,t
9Ix3kQsLG9Jiebfr8jHcNw,4497.230769,-674.4615385,4,347.8092041,94.59151459,t
7pAKLNVqnYe2fza3JQHArQ,2055.384615,-544,4,348.011261,38.6227684,t
agxdwoZN6DoQo4FzgpNENA,2132.923077,-574.7692308,1,348.2788086,45.6986618,t
S5yCoESMKls_iaNsCbT9kw,2587.076923,-620.3076923,4,348.3453979,50.4352684,t
agxdwoZN6DoQo4FzgpNENA,4523.076923,-605.5384615,1,348.2788086,109.6272354,t
agxdwoZN6DoQo4FzgpNENA,13661.53846,-555.0769231,1,348.2788086,285.6696472,t
agxdwoZN6DoQo4FzgpNENA,363.0769231,-478.7692308,1,348.2788086,0.848214269,t
agxdwoZN6DoQo4FzgpNENA,15113.84615,-514.4615385,1,348.2788086,334.5982056,t
agxdwoZN6DoQo4FzgpNENA,11083.07692,-705.2307692,1,348.2788086,256.2946472,t
yfHlZtI49FOPmIouR0BBKQ,16224,-587.0769231,1,37.10945892,13.5,t
yfHlZtI49FOPmIouR0BBKQ,7198.769231,-694.1538462,1,37.10945892,146.8125,t
yfHlZtI49FOPmIouR0BBKQ,3916.307692,-669.5384615,1,37.10945892,81.00892639,t
FtVutmNrUKipYvd8o9vcaw,3587.692308,-473.8461538,3,37.37083054,85.00223541,t
7ujsI1IaeN3Z-zrg4HUQHw,6704,-631.3846154,4,37.49059296,148.46875,t
_HyIkEBqKhagZeQJ1NO17w,5545.846154,-593.2307692,4,37.38434219,121.75,t
_qJ3EVMeORd6NuQeb2yDCg,16254.76923,-1150.769231,1,219.0828857,2.935267925,t
_qJ3EVMeORd6NuQeb2yDCg,4311.384615,-795.0769231,1,219.0828857,86.953125,t
lO6AMvS9-cBy5JuBM4SMEw,4290.461538,-432,4,218.2282562,92.12723541,t
mukPZ-bau9UuVoY6IaLpDA,6428.307692,-572.3076923,4,218.4590302,146.3616028,t
tHaeiW4iQaaeTM4gFFqLKw,2736,-254.7692308,3,37.04445648,61.5625,t
wLqtOvq4KZVoLhbwJc-nQg,6142.769231,-632.6153846,4,36.96028519,139.65625,t
wLqtOvq4KZVoLhbwJc-nQg,6731.076923,-612.9230769,4,36.96028519,139.65625,t
SzUNzkpyoigCgXD0knFj7Q,6508.307692,-637.5384615,4,36.98648834,137.171875,t
SzUNzkpyoigCgXD0knFj7Q,5847.384615,-663.3846154,4,36.98648834,137.171875,t
fVFuNAzqNmIHqy4oQ03p6w,5981.538462,-654.7692308,4,37.04739761,137.6875,t
xjFbY9o7maOIw6WWqGPb3g,5950.769231,-690.4615385,4,36.98772049,126.90625,t
mHv9y7Xu5K3QmqG7Lqz2xg,6308.923077,-611.6923077,4,37.75760651,133.796875,t
T4qW76s-3MCGQfsXJ0G7AA,2708.923077,-220.3076923,3,37.54492188,53.734375,t
vcGWlkP-lNLD08uqjpbHeA,3064.615385,-653.5384615,1,37.36589813,73.796875,t
vcGWlkP-lNLD08uqjpbHeA,15975.38462,-595.6923077,1,37.36589813,349.5625,t
xpZ2jSxOwSAYpXehsVX4EQ,6279.384615,-660.9230769,4,37.64513397,131.734375,t
brmET-k8-7Wc7c6EpWEc1w,6113.230769,-649.8461538,4,32.84434891,127.1875,t
bddiBALUyj6NRhXGsEQcJw,3067.076923,-803.6923077,1,29.00323105,67.65625,t
bddiBALUyj6NRhXGsEQcJw,15491.69231,-608,1,29.00323105,344.640625,t
EGjOEPbmBgQ1rEtbn1zR_w,2676.923077,-286.7692308,4,28.89828873,57.953125,t
egs0boHfzPW0LGszSF5jQw,5243.076923,-662.1538462,4,29.06395721,114.859375,t
_toUcMzlCS0kj9I1bTe1Ew,5995.076923,-843.0769231,1,208.1081543,131.40625,t
_toUcMzlCS0kj9I1bTe1Ew,11886.76923,-1595.076923,1,208.1081543,266.2276917,t
4E8vBT2ldZh2LcJo-LcAlg,5267.692308,-557.5384615,4,208.6215973,111.9151764,t
kXBwpQwSaSH3F7fF2oZFcQ,6323.692308,-651.0769231,4,49.30821228,135.2522278,t
6chqaEJxkjf-TZt9J0pAng,3627.076923,-563.6923077,1,52.60341644,80.68973541,t
6chqaEJxkjf-TZt9J0pAng,875.0769231,-451.6923077,1,52.60341644,25.5625,t
6chqaEJxkjf-TZt9J0pAng,6628.923077,-609.2307692,4,52.60341644,148.7723236,t
u0sLvrwa6G15VhTaZBGzGA,4791.384615,-480,4,52.65587235,103.1160736,t
gtZURGpFLF06wq2toy_gBg,4348.307692,-391.3846154,3,52.73144913,93.92857361,t
4CjBXVT4iCCWfww_hb5Lhw,6482.461538,-603.0769231,4,53.5800209,149.1473236,t
jDTq2BDJPpkz_-6i-k__cA,4151.384615,-566.1538462,1,62.01205444,86.19419861,t
dBThEy4NAUekmhMfPRK0DQ,199.3846154,-524.3076923,1,63.18075943,9.600446701,t
3NCbFOAsTaiCFw19YXDO9A,9005.538462,-483.6923077,4,69.72520447,198.8816986,t
Et9Zm3Esp8JS9UByHyDGww,12241.23077,-531.6923077,4,148.5098724,269.9575806,t
Et9Zm3Esp8JS9UByHyDGww,11166.76923,-624,4,148.5098724,240.9419708,t
7wNqOVKuDt4h6sFedMXJKg,10158.76923,-593.2307692,4,160.1220551,214.8573151,t
uj5JioLmsHq0HYFYdc2RDA,10968.61538,-813.5384615,4,161.6576691,228.4287415,t
uj5JioLmsHq0HYFYdc2RDA,10432,-763.0769231,1,161.6576691,216.8215942,t
Vpv8nU0VhkZ2EzOref_OIQ,10349.53846,-792.6153846,1,161.9842529,221.3840942,t
Vpv8nU0VhkZ2EzOref_OIQ,3457.230769,-685.5384615,1,161.9842529,79.59838104,t
b_oAXeqgQXNskG-vg5PiVQ,6317.538462,-233.8461538,3,145.6758728,132.8035736,t
b_oAXeqgQXNskG-vg5PiVQ,2270.769231,-979.6923077,2,145.6758728,46.55356979,t
b_oAXeqgQXNskG-vg5PiVQ,13575.38462,-350.7692308,1,145.6758728,307.9375,t
b_oAXeqgQXNskG-vg5PiVQ,13755.07692,-313.8461538,3,145.6758728,307.9375,t
b_oAXeqgQXNskG-vg5PiVQ,14283.07692,-338.4615385,1,145.6758728,316.28125,t
b_oAXeqgQXNskG-vg5PiVQ,15961.84615,-321.2307692,1,145.6758728,348.671875,t
2BcncBnwUvviwVbBqMVaVQ,8604.307692,-681.8461538,2,239.9894714,198.203125,t
xscW1Uom1Upky-QGqHrwhw,860.3076923,-1083.076923,1,140.6083832,21.6674099,t
cWkEELkuM3T425NJSEiYIw,9436.307692,-647.3846154,1,203.0013733,198.9285736,t
b_oAXeqgQXNskG-vg5PiVQ,14285.53846,-305.2307692,3,145.6758728,316.28125,t
vBRjYSo2WAiZh0hTbiK3wQ,7143.384615,-1681.230769,1,240.0348663,169.515625,t
vBRjYSo2WAiZh0hTbiK3wQ,9363.692308,-480,2,240.0348663,200.640625,t
2BcncBnwUvviwVbBqMVaVQ,6099.692308,-865.2307692,2,239.9894714,144.578125,t
2BcncBnwUvviwVbBqMVaVQ,9824,-667.0769231,1,239.9894714,198.203125,t
xscW1Uom1Upky-QGqHrwhw,4654.769231,-561.2307692,3,140.6083832,110.7299118,t
4Czt4q0BsHpIvLTRccKRuQ,4238.769231,-337.2307692,1,147.6811676,124,t
4Czt4q0BsHpIvLTRccKRuQ,11497.84615,-793.8461538,1,147.6811676,267.8125,t
23DMSvp74A0XwLTNhFx5cg,12915.69231,-878.7692308,3,236.570343,266.3125,t
b_oAXeqgQXNskG-vg5PiVQ,70.15384615,-326.1538462,2,145.6758728,2.828125,t
2BcncBnwUvviwVbBqMVaVQ,12667.07692,-352,1,239.9894714,283.078125,t
2BcncBnwUvviwVbBqMVaVQ,15911.38462,-454.1538462,1,239.9894714,344.0602722,t
2BcncBnwUvviwVbBqMVaVQ,4411.076923,-1062.153846,1,239.9894714,91.02455139,t
2BcncBnwUvviwVbBqMVaVQ,347.0769231,-482.4615385,2,239.9894714,2.542410612,t
xscW1Uom1Upky-QGqHrwhw,13073.23077,-1574.153846,1,140.6083832,271.9799194,t
DpXwPZS48Y2F_bSP59f5MA,7335.384615,-162.4615385,2,142.8726654,157.3236542,t
4Czt4q0BsHpIvLTRccKRuQ,8713.846154,-540.3076923,1,147.6811676,190,t
4Czt4q0BsHpIvLTRccKRuQ,4720,-375.3846154,1,147.6811676,124,t
4Czt4q0BsHpIvLTRccKRuQ,2110.769231,-370.4615385,1,147.6811676,40.75,t
4Czt4q0BsHpIvLTRccKRuQ,1265.230769,-483.6923077,1,147.6811676,37.375,t
4Czt4q0BsHpIvLTRccKRuQ,1149.538462,-369.2307692,3,147.6811676,37.375,t
4Czt4q0BsHpIvLTRccKRuQ,1515.076923,-400,3,147.6811676,37.375,t
4Czt4q0BsHpIvLTRccKRuQ,11700.92308,-513.2307692,3,147.6811676,260.125,t
4Czt4q0BsHpIvLTRccKRuQ,13236.92308,-545.2307692,3,147.6811676,260.125,t
cWkEELkuM3T425NJSEiYIw,875.0769231,-333.5384615,3,203.0013733,12.23214245,t
cWkEELkuM3T425NJSEiYIw,960,-545.2307692,1,203.0013733,12.23214245,t
cWkEELkuM3T425NJSEiYIw,12793.84615,-504.6153846,1,203.0013733,273.3035583,t
cWkEELkuM3T425NJSEiYIw,11719.38462,-480,2,203.0013733,249.2857208,t
2BcncBnwUvviwVbBqMVaVQ,13497.84615,-385.2307692,1,239.9894714,288.3459778,t
MdrWtcqInOYOyuDsLSCtQg,16259.69231,-476.3076923,3,141.616272,7.417410851,t
xscW1Uom1Upky-QGqHrwhw,9300.923077,-1073.230769,3,140.6083832,192.1049042,t
4Czt4q0BsHpIvLTRccKRuQ,7885.538462,-516.9230769,1,147.6811676,190,t
4Czt4q0BsHpIvLTRccKRuQ,12478.76923,-993.2307692,1,147.6811676,267.8125,t
cWkEELkuM3T425NJSEiYIw,4470.153846,-657.2307692,1,203.0013733,90.625,t
cWkEELkuM3T425NJSEiYIw,10065.23077,-548.9230769,2,203.0013733,218.8392792,t
0o5UD2lV47rsCz1NNl2_WQ,9908.923077,-1036.307692,2,184.1590576,243,t
0o5UD2lV47rsCz1NNl2_WQ,11486.76923,-915.6923077,2,184.1590576,243,t
0o5UD2lV47rsCz1NNl2_WQ,14740.92308,-620.3076923,2,184.1590576,321.75,t
0o5UD2lV47rsCz1NNl2_WQ,15757.53846,-514.4615385,2,184.1590576,321.75,t
0o5UD2lV47rsCz1NNl2_WQ,1357.538462,-486.1538462,2,184.1590576,36,t
0o5UD2lV47rsCz1NNl2_WQ,1394.461538,-436.9230769,4,184.1590576,33.21205521,t
0o5UD2lV47rsCz1NNl2_WQ,1625.846154,-358.1538462,4,184.1590576,33.21205521,t
0o5UD2lV47rsCz1NNl2_WQ,2284.307692,-499.6923077,2,184.1590576,42.4084816,t
0o5UD2lV47rsCz1NNl2_WQ,5067.076923,-499.6923077,4,184.1590576,119.4620514,t
0o5UD2lV47rsCz1NNl2_WQ,4540.307692,-676.9230769,2,184.1590576,119.4620514,t
0o5UD2lV47rsCz1NNl2_WQ,5741.538462,-855.3846154,2,184.1590576,119.4620514,t
R6cNkGxKbE8lgfRyF-Gweg,1447.384615,-569.8461538,4,269.4199829,32.27455521,t
R6cNkGxKbE8lgfRyF-Gweg,2560,-489.8461538,4,269.4199829,52.1852684,t
R6cNkGxKbE8lgfRyF-Gweg,2804.923077,-435.6923077,4,269.4199829,63.9642868,t
oqP7byVfpym5eotQ9U4fdA,561.2307692,-621.5384615,4,269.2772217,12.26785755,t
oqP7byVfpym5eotQ9U4fdA,1426.461538,-600.6153846,4,269.2772217,28.0714283,t
oqP7byVfpym5eotQ9U4fdA,2045.538462,-546.4615385,4,269.2772217,49.2321434,t
oqP7byVfpym5eotQ9U4fdA,2788.923077,-406.1538462,4,269.2772217,59.69419479,t
oqP7byVfpym5eotQ9U4fdA,2226.461538,-466.4615385,4,269.2772217,49.89731979,t
oqP7byVfpym5eotQ9U4fdA,2977.230769,-322.4615385,4,269.2772217,66.30357361,t
oqP7byVfpym5eotQ9U4fdA,8982.153846,-700.3076923,4,269.2772217,212.5535736,t
oqP7byVfpym5eotQ9U4fdA,9488,-587.0769231,4,269.2772217,216.125,t
oqP7byVfpym5eotQ9U4fdA,7779.692308,-708.9230769,4,269.2772217,174.25,t
oqP7byVfpym5eotQ9U4fdA,5835.076923,-588.3076923,4,269.2772217,130.9464264,t
aRutmcv8nbLAJDyi35hv0g,13694.76923,-198.1538462,4,268.9374695,298.4464417,t
YYphuyoJuOKXQ5SKeDNLZw,9500.307692,-604.3076923,2,237.7630615,202.4330292,t
YYphuyoJuOKXQ5SKeDNLZw,8632.615385,-518.1538462,2,237.7630615,197.1651764,t
YYphuyoJuOKXQ5SKeDNLZw,14003.69231,-822.1538462,4,237.7630615,316.0044556,t
YYphuyoJuOKXQ5SKeDNLZw,15559.38462,-1208.615385,4,237.7630615,342.96875,t
YYphuyoJuOKXQ5SKeDNLZw,14060.30769,-1206.153846,4,237.7630615,297.1741028,t
YYphuyoJuOKXQ5SKeDNLZw,12880,-1427.692308,2,237.7630615,304.2991028,t
YYphuyoJuOKXQ5SKeDNLZw,16036.92308,-1374.769231,2,237.7630615,355.2991028,t
YYphuyoJuOKXQ5SKeDNLZw,3116.307692,-674.4615385,1,237.7630615,77.61161041,t
UZjs2sGmj-t3rzopTZ9yEg,4921.846154,-948.9230769,1,125.712265,117.9241104,t
UZjs2sGmj-t3rzopTZ9yEg,10118.15385,-1042.461538,2,125.712265,235.1116028,t
UZjs2sGmj-t3rzopTZ9yEg,11816.61538,-903.3846154,2,125.712265,235.1116028,t
UZjs2sGmj-t3rzopTZ9yEg,14912,-534.1538462,2,125.712265,344.4241028,t
r-ifWOBc4bCUDE_g_aLGiA,3074.461538,-1255.384615,1,277.3586426,88.86161041,t
SFmz-YEp3vbrMEuNhh206A,12846.76923,-557.5384615,3,8.958778381,281.7991028,t
SFmz-YEp3vbrMEuNhh206A,11644.30769,-520.6153846,3,8.958778381,276.3616028,t
PfUfvQBPMDtsbtpoPlTBpw,11552,-689.2307692,4,8.412228584,252.6428528,t
PfUfvQBPMDtsbtpoPlTBpw,5265.230769,-718.7692308,4,8.412228584,117.4620514,t
dXGN2UENaBveqNuIOj6U-g,5401.846154,-839.3846154,4,8.604957581,131.4174042,t
PfUfvQBPMDtsbtpoPlTBpw,12958.76923,-619.0769231,4,8.412228584,297.0424194,t
xknXWuoxVvX58NGN6sJ2vQ,4228.923077,-551.3846154,2,332.0778503,98.37276459,t
Fj5zjc-3Dng5_-u3HTKknw,5176.615385,-706.4615385,4,8.820217133,124.9620514,t
PfUfvQBPMDtsbtpoPlTBpw,13531.07692,-592,4,8.412228584,297.0424194,t
xknXWuoxVvX58NGN6sJ2vQ,2027.076923,-358.1538462,2,332.0778503,52.8102684,t
xknXWuoxVvX58NGN6sJ2vQ,2647.384615,-374.1538462,2,332.0778503,52.8102684,t
Fj5zjc-3Dng5_-u3HTKknw,13473.23077,-580.9230769,4,8.820217133,285.7924194,t
PfUfvQBPMDtsbtpoPlTBpw,13986.46154,-558.7692308,4,8.412228584,318.4709778,t
z4lRhgXvJVvaXTHh8PRzUQ,11513.84615,-685.5384615,4,12.25863361,239.8995514,t
z4lRhgXvJVvaXTHh8PRzUQ,10788.92308,-574.7692308,4,12.25863361,239.8995514,t
z4lRhgXvJVvaXTHh8PRzUQ,10465.23077,-482.4615385,4,12.25863361,231.7745514,t
z4lRhgXvJVvaXTHh8PRzUQ,10274.46154,-412.3076923,3,12.25863361,231.7745514,t
#NAME?,11389.53846,-758.1538462,4,7.581622124,262.3102722,t
xknXWuoxVvX58NGN6sJ2vQ,11848.61538,-1529.846154,1,332.0778503,268.3727722,t
xknXWuoxVvX58NGN6sJ2vQ,15782.15385,-534.1538462,2,332.0778503,353.4977722,t
xknXWuoxVvX58NGN6sJ2vQ,444.3076923,-401.2307692,2,332.0778503,353.4977722,t
xknXWuoxVvX58NGN6sJ2vQ,5321.846154,-893.5384615,2,332.0778503,98.37276459,t
xknXWuoxVvX58NGN6sJ2vQ,11897.84615,-675.6923077,4,332.0778503,257.9352722,t
IT2dfDwuT3ILynWGk5l2mQ,8577.230769,-573.5384615,2,235.1032715,180.1941986,t
eJWBubttfOJG-bGhZ7OiFg,12755.69231,-2360.615385,2,211.0866547,258.5691833,t
eJWBubttfOJG-bGhZ7OiFg,9073.230769,-434.4615385,2,211.0866547,200.0691986,t
ckXfbycjdecRQmMnE1G8cA,14983.38462,-1073.230769,7,188.1387482,5.712053776,t
ckXfbycjdecRQmMnE1G8cA,1454.769231,-792.6153846,7,188.1387482,5.712053776,t
VsdgxBzJualEsvEhGPKPrA,15661.53846,-761.8461538,7,182.5820465,5.712053776,t
VsdgxBzJualEsvEhGPKPrA,1601.230769,-712.6153846,7,182.5820465,5.712053776,t
367uBevExXRoz3CPtmqzEA,16098.46154,-788.9230769,7,187.2425995,12.8370533,t
367uBevExXRoz3CPtmqzEA,1835.076923,-578.4615385,7,187.2425995,12.8370533,t
bcuP-LVo-U5oGIkdp2rLrQ,16142.76923,-745.8461538,7,191.1467438,12.8370533,t
bcuP-LVo-U5oGIkdp2rLrQ,1766.153846,-546.4615385,7,191.1467438,12.8370533,t
ovKk5n-Bafyf34X7Tbasig,15662.76923,-667.0769231,7,194.5979462,1.962053537,t
ovKk5n-Bafyf34X7Tbasig,1236.923077,-505.8461538,7,194.5979462,1.962053537,t
65jRt3IyKrnvKeYd7qSLWA,15357.53846,-745.8461538,7,186.3114319,357.6495667,t
65jRt3IyKrnvKeYd7qSLWA,1190.153846,-572.3076923,7,186.3114319,357.6495667,t
yCsb61Io4j7ig6mm5Brk5A,15755.07692,-700.3076923,7,188.2896729,357.6495667,t
yCsb61Io4j7ig6mm5Brk5A,1251.692308,-621.5384615,7,188.2896729,357.6495667,t
g6cTpIfbA-qKF_G47VrhMg,15538.46154,-790.1538462,7,184.3262177,357.8370667,t
g6cTpIfbA-qKF_G47VrhMg,1185.230769,-521.8461538,7,184.3262177,357.8370667,t
X7LX8JzuPk8UUcJEBIBLTg,15488,-689.2307692,7,187.1856537,357.8370667,t
X7LX8JzuPk8UUcJEBIBLTg,1422.769231,-588.3076923,7,187.1856537,20.7120533,t
iMOR9RHFYxuSPzFRxgh-dQ,15728,-595.6923077,7,188.2527008,20.7120533,t
iMOR9RHFYxuSPzFRxgh-dQ,1476.923077,-536.6153846,7,188.2527008,20.7120533,t
O1Udng6IlZvk9W9QMlDtcg,1710.769231,-864,7,187.2151794,13.2120533,t
O1Udng6IlZvk9W9QMlDtcg,15510.15385,-701.5384615,1,187.2151794,348.8370667,t
Anx8hI7TeJ72umn3bqGF8w,10884.92308,-1341.538462,1,207.4945984,245.3370514,t
Anx8hI7TeJ72umn3bqGF8w,9219.692308,-329.8461538,6,207.4945984,198.2745514,t
FBkGh38zZYhyGUUJPnpZcQ,9126.153846,-489.8461538,1,220.0789185,199.2566986,t
FBkGh38zZYhyGUUJPnpZcQ,15457.23077,-2220.307692,1,220.0789185,336.0424194,t
LDyBRS73hdxsIKmDcx-6kg,2376.615385,-1016.615385,7,191.7937469,19.7299099,t
OMCLQmxQpHbWDt4QA63_4g,1761.230769,-785.2307692,7,190.4976349,19.7299099,t
zRHDhp7wnoI1pd88_rY0nw,1435.076923,-697.8461538,7,188.2266388,9.61383915,t
n_GAk_uqNgAq6qYQlpHeMg,1704.615385,-792.6153846,7,186.2661438,19.9263401,t
0RMXHOHF31sD6SH5JvFtUQ,1378.461538,-691.6923077,7,187.2420044,348.9888306,t
M_cWa_EG-m2yHlfP_OyYwA,1159.384615,-584.6153846,7,188.2826996,348.8013306,t
gCgYEJwBTA2troflF2dqPA,1372.307692,-825.8461538,7,188.3013153,348.8013306,t
dd2exQVRvH26Z-U9btR-tQ,4094.769231,-1958.153846,1,206.833252,105.0513382,t
dd2exQVRvH26Z-U9btR-tQ,13095.38462,-892.3076923,2,206.833252,277.5513306,t
dd2exQVRvH26Z-U9btR-tQ,14350.76923,-460.3076923,4,206.833252,315.1227722,t
mOajlR8UEKlYdl9mG6FTuw,1451.076923,-608,1,165.2986145,21.8727684,t
mOajlR8UEKlYdl9mG6FTuw,7268.923077,-759.3846154,1,165.2986145,157.8102722,t
mOajlR8UEKlYdl9mG6FTuw,10450.46154,-816,2,165.2986145,212.9352722,t
mOajlR8UEKlYdl9mG6FTuw,15543.38462,-601.8461538,2,165.2986145,1.810267806,t
04-qAlR0TstJSucelBtfQA,2455.384615,-420.9230769,7,188.6599274,21.6852684,t
QleGS_DWou9lxMCVqcbdGw,2606.769231,-503.3846154,7,195.4699707,29.5513401,t
HbBDapzQYbikblXDs6m83Q,2729.846154,-792.6153846,7,199.3748016,29.5513401,t
04-qAlR0TstJSucelBtfQA,12897.23077,-1069.538462,4,188.6599274,292.0602722,t
QleGS_DWou9lxMCVqcbdGw,11170.46154,-913.2307692,4,195.4699707,255.4888458,t
oVd3QpkKGQazBT71kpvnpQ,6848,-909.5384615,1,153.8129578,156.375,t
g3jQ-jSXQyH6nzNkYXiQsQ,14044.30769,-694.1538462,2,90.24998474,310.1875,t
Af0g4wjCuFldr-Hl7BEyHg,123.0769231,-833.2307692,2,134.625824,11.0625,t
Af0g4wjCuFldr-Hl7BEyHg,14057.84615,-574.7692308,2,134.625824,311.25,t
PLTIkh6YCP3VghN-mCb0bQ,12973.53846,-1489.230769,1,186.8528748,306.5625,t
PLTIkh6YCP3VghN-mCb0bQ,5296,-617.8461538,6,186.8528748,118.5,t
YYH9cDkRPNoI1y55Clawqg,7024,-323.6923077,1,188.612793,154.4017792,t
YYH9cDkRPNoI1y55Clawqg,9691.076923,-675.6923077,1,188.612793,227.8839264,t
YYH9cDkRPNoI1y55Clawqg,12528,-892.3076923,1,188.612793,267.5267944,t
YYH9cDkRPNoI1y55Clawqg,14160,-722.4615385,1,188.612793,319.1339417,t
fwcf2fvsP3XwPtEoh6knqw,849.2307692,-528,7,182.2579041,2.258928537,t
3tte3ZzEVr7eXFnYHjrjyA,711.3846154,-433.2307692,7,181.986908,2.258928537,t
T3tCp1zQ-WawEcnyROtbug,583.3846154,-354.4615385,7,181.0462799,351.6339417,t
KPeRyy7hvqkBoWv7mSUQyg,609.2307692,-353.2307692,7,180.4404755,351.6339417,t
IWlq4AGJlncDniZjpS79Fg,701.5384615,-398.7692308,7,180.5684204,1.544642806,t
AUppRPrzA-PtPjW8jfJ1lA,654.7692308,-640,4,270.6032715,24.2321434,t
8HqKtHuUJIJYPS2q6JFF1Q,6220.307692,-987.0769231,1,1.605117679,145.1875,t
8HqKtHuUJIJYPS2q6JFF1Q,11400.61538,-334.7692308,1,1.605117679,247.84375,t
BmRRO6lJnw1C3STVE8q6-w,3297.230769,-542.7692308,1,0.20220542,83.21875,t
BmRRO6lJnw1C3STVE8q6-w,876.3076923,-402.4615385,1,0.20220542,35.40625,t
BmRRO6lJnw1C3STVE8q6-w,6093.538462,-411.0769231,1,0.20220542,135.4955292,t
BmRRO6lJnw1C3STVE8q6-w,14364.30769,-251.0769231,1,0.20220542,313.4397278,t
GwqNvCH_uHQA7Svr1m63rw,2297.846154,-477.5384615,1,132.27211,54.6897316,t
GwqNvCH_uHQA7Svr1m63rw,10972.30769,-864,6,132.27211,223.4397278,t
qrw2wMkBc27edCAXbwwlJA,12582.15385,-337.2307692,1,181.4733124,277.7678528,t
J8iiaRoudF78zOdZ4Mp0Zg,9230.769231,-873.8461538,3,126.0198059,198.1875,t
8RbidYHjw3swzqxFGZV3nA,8146.461538,-603.0769231,3,126.7091446,173.0625,t
EXEjEDuPiMJdaZUQ4ME4Dg,7122.461538,-321.2307692,1,126.4037552,150.515625,t
lnqOidrfYokO7MFMI2c3iA,13259.07692,-562.4615385,1,127.9766617,291.140625,t
lnqOidrfYokO7MFMI2c3iA,13446.15385,-524.3076923,3,127.9766617,291.140625,t
lnqOidrfYokO7MFMI2c3iA,11883.07692,-1185.230769,1,127.9766617,227.578125,t
lnqOidrfYokO7MFMI2c3iA,8652.307692,-1297.230769,1,127.9766617,195.890625,t
lnqOidrfYokO7MFMI2c3iA,6688,-596.9230769,1,127.9766617,147.796875,t
gpU96yV3NI777PrVQ7U4kg,706.4615385,-407.3846154,1,126.4377365,344.109375,t
_tiBbMs0iLw0zPK0HgOgjg,4708.923077,-740.9230769,1,202.8907013,96.7232132,t
wA37Hoixc6uY0Mm221JQgg,3730.461538,-573.5384615,2,270.7630005,87.50892639,t
gpU96yV3NI777PrVQ7U4kg,8161.230769,-515.6923077,1,126.4377365,188.859375,t
gpU96yV3NI777PrVQ7U4kg,10284.30769,-710.1538462,1,126.4377365,233.4129486,t
gpU96yV3NI777PrVQ7U4kg,11924.92308,-828.3076923,1,126.4377365,254.484375,t
C-gDB67Kpi1UR4nwsUzvXA,2210.461538,-961.2307692,1,269.7343445,63,t
C-gDB67Kpi1UR4nwsUzvXA,3741.538462,-320,1,269.7343445,74.42857361,t
C-gDB67Kpi1UR4nwsUzvXA,9156.923077,-429.5384615,1,269.7343445,190.0089264,t
hROnAMt4yBTMOdbzh2TJ_g,14605.53846,-1684.923077,1,242.6405334,318.4017944,t
wA37Hoixc6uY0Mm221JQgg,7296,-520.6153846,1,270.7630005,157.7767792,t
wA37Hoixc6uY0Mm221JQgg,8200.615385,-439.3846154,1,270.7630005,174.9196472,t
_tiBbMs0iLw0zPK0HgOgjg,11777.23077,-311.3846154,1,202.8907013,246.9732208,t
_tiBbMs0iLw0zPK0HgOgjg,2212.923077,-353.2307692,1,202.8907013,46.0803566,t
wA37Hoixc6uY0Mm221JQgg,13420.30769,-468.9230769,1,270.7630005,280.0982056,t
hROnAMt4yBTMOdbzh2TJ_g,1310.769231,-1040,1,242.6405334,32.3303566,t
_tiBbMs0iLw0zPK0HgOgjg,11355.07692,-375.3846154,1,202.8907013,246.9732208,t
hROnAMt4yBTMOdbzh2TJ_g,15624.61538,-1504,3,242.6405334,340.2767944,t
_tiBbMs0iLw0zPK0HgOgjg,14812.30769,-295.3846154,6,202.8907013,332.5982056,t
_tiBbMs0iLw0zPK0HgOgjg,15458.46154,-355.6923077,1,202.8907013,332.5982056,t
KeLYbqgcp2vcOR2330E3YQ,5171.692308,-726.1538462,1,195.0253296,112.5982132,t
wA37Hoixc6uY0Mm221JQgg,10462.76923,-194.4615385,1,270.7630005,223.0446472,t
wA37Hoixc6uY0Mm221JQgg,3291.076923,-616.6153846,1,270.7630005,87.50892639,t
wA37Hoixc6uY0Mm221JQgg,12664.61538,-285.5384615,1,270.7630005,280.0982056,t
_tiBbMs0iLw0zPK0HgOgjg,6167.384615,-1009.230769,1,202.8907013,120.1607132,t
#NAME?,13092.92308,-515.6923077,1,205.6909027,288.3459778,t
wZcACJ8ffj0ZiCuts2vH3w,14268.30769,-812.3076923,1,204.8095703,323.2209778,t
wZcACJ8ffj0ZiCuts2vH3w,11446.15385,-260.9230769,1,204.8095703,263.7120667,t
wZcACJ8ffj0ZiCuts2vH3w,4544,-669.5384615,4,204.8095703,96.31473541,t
wZcACJ8ffj0ZiCuts2vH3w,4147.692308,-697.8461538,4,204.8095703,96.31473541,t
wZcACJ8ffj0ZiCuts2vH3w,3918.769231,-603.0769231,4,204.8095703,78.03348541,t
hDnmhdxjioVmAw7opmGksQ,7105.230769,-395.0769231,4,203.3144684,159.578125,t
hDnmhdxjioVmAw7opmGksQ,7276.307692,-331.0769231,3,203.3144684,159.578125,t
CzxQQmuLpQlgOhxDSu_bGw,15598.76923,-514.4615385,6,199.0592499,345.7388306,t
hDnmhdxjioVmAw7opmGksQ,195.6923077,-326.1538462,3,203.3144684,5.381696224,t
GEHltWScIIL59ytV_d9OYw,4946.461538,-684.3076923,6,195.5863647,93.59598541,t
GEHltWScIIL59ytV_d9OYw,3168,-595.6923077,6,195.5863647,57.3459816,t
rb5wRt81Pt0qHJUiIWvSZg,4328.615385,-699.0769231,6,190.9076996,56.953125,t
99PBI-VxMBd5vgqSlelpgw,10691.69231,-403.6923077,3,184.0145111,210.140625,t
99PBI-VxMBd5vgqSlelpgw,12491.07692,-813.5384615,1,184.0145111,271.828125,t
99PBI-VxMBd5vgqSlelpgw,13826.46154,-635.0769231,3,184.0145111,318.703125,t
99PBI-VxMBd5vgqSlelpgw,14078.76923,-583.3846154,3,184.0145111,318.703125,t
99PBI-VxMBd5vgqSlelpgw,14733.53846,-489.8461538,3,184.0145111,318.703125,t
99PBI-VxMBd5vgqSlelpgw,4355.692308,-940.3076923,1,184.0145111,91.265625,t
99PBI-VxMBd5vgqSlelpgw,4653.538462,-829.5384615,4,184.0145111,85.453125,t
B3bw7uMP9XPZKN3cLNWtTw,10137.84615,-387.6923077,1,183.3352203,205.453125,t
B3bw7uMP9XPZKN3cLNWtTw,6807.384615,-424.6153846,1,183.3352203,153.703125,t
tkwxTEfXIL817hZIMDCyrQ,14402.46154,-576,3,182.3959808,329.390625,t
BH-c-15vWtNvcSwiXeczsA,9568,-401.2307692,3,163.6806641,221.5334778,t
2u2bu486JRAt5O7MRS4lbA,16135.38462,-811.0769231,2,50.41358566,358.75,t
JZRKM5-Fqxc4u1VDHhRRKQ,728.6153846,-262.1538462,2,165.2510986,14.0714283,t
gU7RHvT-brjK3bSmFstSTw,6882.461538,-313.8461538,3,167.4100647,157.8459778,t
gU7RHvT-brjK3bSmFstSTw,6574.769231,-406.1538462,3,167.4100647,157.8459778,t
nb9t2WMO155n_KZOcxOECQ,5110.153846,-604.3076923,3,175.8588409,136.265625,t
BH-c-15vWtNvcSwiXeczsA,13971.69231,-521.8461538,3,163.6806641,306.7522278,t
PFP2FmkMMob1WMpM1MKmIQ,11030.15385,-603.0769231,3,171.5831146,249.0022278,t
g3MoK7ZQrv5xFgnuhfx-dA,11048.61538,41.84615385,3,358.4810791,229.5022278,t
gU7RHvT-brjK3bSmFstSTw,12994.46154,-900.9230769,4,167.4100647,288.3459778,t
4avJ2OiC-65VIqG0fm2twA,5545.846154,-1371.076923,4,120.7722855,117.0022354,t
g3MoK7ZQrv5xFgnuhfx-dA,10777.84615,-67.69230769,3,358.4810791,229.5022278,t
g3MoK7ZQrv5xFgnuhfx-dA,12465.23077,45.53846154,7,358.4810791,270.5647278,t
g3MoK7ZQrv5xFgnuhfx-dA,12680.61538,-286.7692308,7,358.4810791,271.5022278,t
g3MoK7ZQrv5xFgnuhfx-dA,13336.61538,-1136,7,358.4810791,275.6272278,t
2u2bu486JRAt5O7MRS4lbA,4834.461538,-1756.307692,2,50.41358566,149.3125,t
2u2bu486JRAt5O7MRS4lbA,7076.923077,-2114.461538,2,50.41358566,170.5,t
2u2bu486JRAt5O7MRS4lbA,11988.92308,-256,2,50.41358566,264.109375,t
CGYPBYytlX_z90mTf8Q44w,13208.61538,-1036.307692,2,140.7349854,303.6964417,t
CGYPBYytlX_z90mTf8Q44w,15421.53846,-795.0769231,2,140.7349854,344.1964417,t
JZRKM5-Fqxc4u1VDHhRRKQ,5502.769231,-419.6923077,2,165.2510986,138.8839264,t
dnbKSuQoOB5szmoTT2oX_g,9969.230769,-765.5384615,2,117.3083801,230.0714264,t
bbt2gH12ZSTi_DGbK5Hr3w,11255.38462,-265.8461538,3,98.44963074,251.8147278,t
g3MoK7ZQrv5xFgnuhfx-dA,11282.46154,108.3076923,3,358.4810791,232.8772278,t
2u2bu486JRAt5O7MRS4lbA,1134.769231,-1124.923077,2,50.41358566,33.25,t
2u2bu486JRAt5O7MRS4lbA,12995.69231,-278.1538462,2,50.41358566,287.59375,t
xsa0YdR94Qz8bTYP0_N_Og,4982.153846,-722.4615385,2,351.0160217,107.8035736,t
xsa0YdR94Qz8bTYP0_N_Og,15676.30769,-258.4615385,2,351.0160217,337.6339417,t
JZRKM5-Fqxc4u1VDHhRRKQ,12964.92308,-1360,2,165.2510986,303.3214417,t
2u2bu486JRAt5O7MRS4lbA,12119.38462,-221.5384615,2,50.41358566,264.109375,t
xsa0YdR94Qz8bTYP0_N_Og,14375.38462,-626.4615385,2,351.0160217,327.1875,t
dnbKSuQoOB5szmoTT2oX_g,12624,-317.5384615,2,117.3083801,282.9553528,t
dnbKSuQoOB5szmoTT2oX_g,10160,-505.8461538,4,117.3083801,224.5959778,t
2u2bu486JRAt5O7MRS4lbA,12722.46154,-210.4615385,2,50.41358566,280,t
xsa0YdR94Qz8bTYP0_N_Og,4913.230769,-473.8461538,3,351.0160217,107.8035736,t
gU7RHvT-brjK3bSmFstSTw,11336.61538,-743.3846154,4,167.4100647,266.7834778,t
a7N6bjhpDZYByxaD85GS2Q,7191.384615,-667.0769231,3,127.6307297,168.9084778,t
cw-0K7uRflKtVfwHFhUj-w,1281.230769,-753.2307692,1,270.1201172,27.1875,t
cw-0K7uRflKtVfwHFhUj-w,6304,-672,2,270.1201172,147.1875,t
cw-0K7uRflKtVfwHFhUj-w,7022.769231,-621.5384615,2,270.1201172,162.5625,t
cw-0K7uRflKtVfwHFhUj-w,10136.61538,-546.4615385,2,270.1201172,243.9375,t
cw-0K7uRflKtVfwHFhUj-w,10926.76923,-499.6923077,1,270.1201172,254.25,t
cw-0K7uRflKtVfwHFhUj-w,13853.53846,-544,1,270.1201172,290.25,t
cw-0K7uRflKtVfwHFhUj-w,2736,-921.8461538,2,270.1201172,64.125,t
9rdv90DjrqgF4JTmYcIYkA,1508.923077,-583.3846154,4,356.5471802,30.4196434,t
9rdv90DjrqgF4JTmYcIYkA,11763.69231,-558.7692308,4,356.5471802,253.0089264,t
80pKMfzkBcAOBEbF-CizXQ,6334.769231,-638.7692308,4,359.0209656,137.5625,t
Apmevbs3kJTwv4jyrN8d4g,2428.307692,-747.0769231,4,359.6463318,48.1875,t
WhC-d8nYuqqPJRAILT5IAA,15053.53846,-327.3846154,3,359.7294922,326.8482056,t
pJ31pvi0W8a716a4-DdrJw,4092.307692,-876.3076923,4,359.8887024,84.79463959,t
pJ31pvi0W8a716a4-DdrJw,3852.307692,-868.9230769,4,359.8887024,84.79463959,t
1WILiB-zQuNKebHBCNXprA,4226.461538,-839.3846154,3,304.8112488,119.5,t
OOMnOikAYr4y04vsR-htYg,7480.615385,-674.4615385,3,298.0370178,166.375,t
aF6Dchf6c-SCQCt9_gMv3w,10390.15385,-820.9230769,2,59.07739639,251.375,t
aF6Dchf6c-SCQCt9_gMv3w,15057.23077,-861.5384615,2,59.07739639,314.1875,t
vHKZmgkn2PiUVZjqkN-mHw,16137.84615,-795.0769231,3,29.31394768,1.8125,t
vHKZmgkn2PiUVZjqkN-mHw,3659.076923,-628.9230769,3,29.31394768,57.6875,t
kzs_NlQbFCxCkcuafyNk8g,11003.07692,-614.1538462,3,29.91798401,263.75,t
q7m-bkWfeWaobed8AuSM-g,3554.461538,-948.9230769,1,29.31256104,73.8125,t
q7m-bkWfeWaobed8AuSM-g,3438.769231,-1131.076923,3,29.31256104,73.8125,t
q7m-bkWfeWaobed8AuSM-g,3025.230769,-1012.923077,3,29.31256104,73.8125,t
q7m-bkWfeWaobed8AuSM-g,16232.61538,-1249.230769,1,29.31256104,23,t
gWL6UI2XAV4uGWZ1dM-YXA,11563.07692,-801.2307692,2,29.55263519,236.75,t
gWL6UI2XAV4uGWZ1dM-YXA,10231.38462,-496,1,29.55263519,236.75,t
gWL6UI2XAV4uGWZ1dM-YXA,12745.84615,-1051.076923,7,29.55263519,306.5,t
EX0bmrh4-6AyAwmOHoEjyA,11976.61538,-619.0769231,7,29.8497982,276.875,t
EX0bmrh4-6AyAwmOHoEjyA,15694.76923,-951.3846154,4,29.8497982,348.5535583,t
U7u2eEEgCE3F9IrcPiQo5g,467.6923077,-320,3,29.01712036,9.178571701,t
DBROh6Uo_9kLB3PNucB5yg,16371.69231,-512,3,29.88873482,2.75,t
DBROh6Uo_9kLB3PNucB5yg,320,-377.8461538,3,29.88873482,2.75,t
xYXvnMaOvTDQsXmx35RsZQ,91.07692308,-296.6153846,3,22.37859535,4.357142925,t
x8cljou4UtPmRwT65QEEzQ,11213.53846,-603.0769231,7,269.4312134,253.875,t
x8cljou4UtPmRwT65QEEzQ,8208,-1532.307692,7,269.4312134,181.5,t
x8cljou4UtPmRwT65QEEzQ,5598.769231,-654.7692308,7,269.4312134,117.5625,t
x8cljou4UtPmRwT65QEEzQ,3579.076923,-272,7,269.4312134,71.0625,t
x8cljou4UtPmRwT65QEEzQ,2542.769231,-795.0769231,7,269.4312134,71.0625,t
x8cljou4UtPmRwT65QEEzQ,1094.153846,-563.6923077,7,269.4312134,20.625,t
x8cljou4UtPmRwT65QEEzQ,15688.61538,-502.1538462,7,269.4312134,342.9375,t
x8cljou4UtPmRwT65QEEzQ,14262.15385,-966.1538462,7,269.4312134,342.9375,t
x8cljou4UtPmRwT65QEEzQ,13107.69231,-657.2307692,7,269.4312134,295.5,t
3EavPM3cg0Mu2y356Bxawg,14515.69231,-953.8461538,7,356.4282227,357.5625,t
3EavPM3cg0Mu2y356Bxawg,1602.461538,-892.3076923,7,356.4282227,357.5625,t
eKWwHobuexPoNqDc8QgA4Q,14747.07692,-987.0769231,7,357.0209656,357.5625,t
eKWwHobuexPoNqDc8QgA4Q,1875.692308,-898.4615385,7,357.0209656,357.5625,t
PBdWbIdOIybnyIX315Fd1A,14888.61538,-985.8461538,7,359.2232666,357.5625,t
PBdWbIdOIybnyIX315Fd1A,1785.846154,-707.6923077,7,359.2232666,357.5625,t
vXSr6RjlQFLnvm7n4DLlDw,14637.53846,-1004.307692,7,0.734257102,357.5625,t
vXSr6RjlQFLnvm7n4DLlDw,1576.615385,-813.5384615,7,0.734257102,357.5625,t
JBkhsupto93zVvX4Bfe2CA,1358.769231,-966.1538462,7,359.5140076,357.75,t
DOb9NNp1HZ6ZGCbRvGa5Cw,1235.692308,-1024,7,359.8962097,357.75,t
mN43FzqUKAvjmbU2YtTw_A,14528,-836.9230769,7,359.6617126,356.4375,t
d17rr7_AGg8QlYD-igzbjQ,14550.15385,-667.0769231,7,0.560906053,356.4375,t
QMquvDJT2BFQuKPHBt_Bzg,12502.15385,-465.2307692,7,356.7548218,285,t
zwCnLAlA1laXZU8ifQtluQ,2092.307692,-828.3076923,7,89.60054016,84.9375,t
zwCnLAlA1laXZU8ifQtluQ,5275.076923,-866.4615385,7,89.60054016,84.9375,t
Au__mD2_-Hxtme1tXtgcqw,15709.53846,-588.3076923,7,136.5519409,336.8839417,t
wCjSNEIK48AIi0Zp0hzD8w,12000,-478.7692308,1,321.952301,257.1540222,t
gHmQIh6ey6_JbJA9ETZ8PQ,3555.692308,-1598.769231,7,320.0636902,78.21651459,t
W1zkh-mqn5yYGsB55kvkpQ,10556.30769,-425.8461538,4,319.8503418,225.9441986,t
iaTk--WD-MHE9kFa3c8dhg,9844.923077,-397.5384615,4,320.2684021,223.6473236,t
QaWZFgiJAW0K62hBE_aRJA,2360.615385,-1831.384615,7,320.1759338,60.14731979,t
Azaw8zaGfjR0t-F9Jfi9kw,2822.153846,-1828.923077,7,320.0469971,48.66294479,t
g43gNHAFLLCkBW_2Z-HY5Q,16361.84615,-1140.923077,7,319.955658,354.7098083,t
MKhk8LH4Je-lX_YghYabtw,1488,-1779.692308,7,319.8478394,32.02231979,t
9GAwGJLR8pRCTcacnbsehQ,2881.230769,-1940.923077,7,319.959259,30.0066967,t
8IkkWXqCbz5JqpIiEBCLRA,10740.92308,-445.5384615,4,320.2604675,231.3816986,t
JBkhsupto93zVvX4Bfe2CA,14432,-803.6923077,7,359.5140076,357.75,t
8MX8L1qfO4KFRauUaMkz3g,945.2307692,-1182.769231,7,359.3551636,357.75,t
mN43FzqUKAvjmbU2YtTw_A,1347.692308,-1033.846154,7,359.6617126,356.4375,t
tUGHIL8WFPyrKKNYBvQwQA,2365.538462,-646.1538462,7,312.625885,26.625,t
jqy3ijf9vvyxDQsU4hl-QA,3480.615385,-376.6153846,7,271.6751709,83.4375,t
jqy3ijf9vvyxDQsU4hl-QA,5019.076923,-339.6923077,7,271.6751709,83.4375,t
hZn8p6XKjAbaK0MvHjHb2g,11662.76923,-102.1538462,7,272.7586975,261.46875,t
OdbbqOwEdYEZm_xDXX1soA,10521.84615,-419.6923077,4,320.0169678,229.8102722,t
U1WymAWpLf6s-F2KRSe8AQ,10718.76923,-448,4,320.2727661,240.5223236,t
TTaCbaVKG3F0shiA4Z_j_A,2537.846154,-1902.769231,7,320.3595581,62.72544479,t
_yEeq6BUy1dlBovFS3cDIQ,10297.84615,-482.4615385,4,319.8551025,222.8973236,t
#NAME?,11083.07692,-440.6153846,4,320.395752,243.3348236,t
9VJndTIAAxFdaB1LvMzZkQ,2727.384615,-1798.153846,7,319.9833374,58.03794479,t
w62tPxvDE9eE-KmJxc8AYA,1801.846154,-1827.692308,7,320.0941772,42.61606979,t
vo-Jrt0HsnxMzPfgNc3Fnw,9198.769231,-390.1538462,4,319.834198,201.4285736,t
TdHflAN9lzlfNJwDHSPwYQ,1911.384615,-2020.923077,7,319.9923096,33.99106979,t
8vI-Lr2YaFX9t9UCsLB3kQ,11707.07692,-364.3076923,4,320.204895,252.0535736,t
8MX8L1qfO4KFRauUaMkz3g,14424.61538,-795.0769231,7,359.3551636,357.75,t
tUGHIL8WFPyrKKNYBvQwQA,13454.76923,-387.6923077,7,312.625885,312.1875,t
tUGHIL8WFPyrKKNYBvQwQA,1198.769231,-299.0769231,7,312.625885,26.625,t
DlhzfylAVlaMt84Ke8kVIQ,2162.461538,-827.0769231,7,95.62498474,84.9375,t
FpWarYiHs70UkrUkbuMdvw,8244.923077,-299.0769231,3,319.9367981,178.3258972,t
FpWarYiHs70UkrUkbuMdvw,3629.538462,-1648,7,319.9367981,93.53125,t
YFl7n6qR9FDE2d1sCIdN7Q,4097.230769,-1341.538462,7,321.1971436,105.484375,t
d0I-TGCo97L-PhoUNQcurw,2009.846154,-1904,7,320.0591431,65.35044861,t
lbWfyMiqrQoJiRjhgDFJlA,10750.76923,-446.7692308,1,320.1485596,232.2254486,t
xrbfDEbikJRMwDku6xCweA,2900.923077,-1779.692308,7,320.0465393,85.13169861,t
YzpZ7nvO7crSglVFrrtI0g,2830.769231,-1735.384615,7,320.1477051,68.20982361,t
BAycB97qLdxHAJMK6kgcHA,2478.769231,-1772.307692,7,319.7510376,39.70981979,t
pa-Zjmh8DfE2YLIgxcwGvg,10638.76923,-414.7692308,4,319.9876404,232.9754486,t
pa-Zjmh8DfE2YLIgxcwGvg,2651.076923,-1915.076923,7,319.9876404,41.20981979,t
bDFD94Agi9fZBDkZsQeNxA,2576,-1632,7,320.0853882,53.77231979,t
8IkkWXqCbz5JqpIiEBCLRA,2131.692308,-2003.692308,7,320.2604675,53.63169479,t
1PME5TJKtpdNTbRaqa_AqQ,9756.307692,-369.2307692,1,320.0515137,206.0223236,t
FP7J7XKznGVftd-agw400w,4109.538462,-1607.384615,7,320.2058716,77.35044861,t
DOb9NNp1HZ6ZGCbRvGa5Cw,14590.76923,-828.3076923,7,359.8962097,357.75,t
tUGHIL8WFPyrKKNYBvQwQA,14897.23077,-711.3846154,7,312.625885,312.1875,t
tUGHIL8WFPyrKKNYBvQwQA,16072.61538,-291.6923077,7,312.625885,312.1875,t
tUGHIL8WFPyrKKNYBvQwQA,5812.923077,-596.9230769,7,312.625885,124.5,t
myxyW6DeWDkOF6f7GHVilg,2132.923077,-749.5384615,7,90.68100739,84.9375,t
IZrWTldig8WURrQ2PsctJQ,10662.15385,-488.6153846,4,319.0557556,231.7165222,t
ZhyuL-dV9SfdSdC9xUmCSA,10315.07692,-427.0769231,4,320.0257568,236.2566986,t
lbWfyMiqrQoJiRjhgDFJlA,8546.461538,-322.4615385,1,320.1485596,192.0535736,t
ZsrxldCQ9_zo4wF_flcqDQ,11537.23077,-397.5384615,4,320.374939,259.5066833,t
s-jfKPC1fy2VbOASjopEgQ,10876.30769,-468.9230769,4,320.2535095,240.5223236,t
s-jfKPC1fy2VbOASjopEgQ,2699.076923,-1692.307692,7,320.2535095,60.14731979,t
aUk6P_ZAn7AJey68xX2r4Q,10631.38462,-436.9230769,4,319.9444275,232.5066986,t
5f9MhBSRS97WXqhDzQxIuQ,9896.615385,-401.2307692,4,319.8573608,221.5848236,t
CwSoM662gO_gjBeT-iV7Dg,10327.38462,-418.4615385,4,320.0700684,233.2098236,t
_fSIgdBi9r8HdkGnYox6tA,2411.076923,-1968,7,320.1381531,60.42856979,t
iGVMsGcPSg4iJweBhssQLw,2142.769231,-1838.769231,7,320.2858276,48.52231979,t
PWqClig6UDAYM6x2DWisPQ,1841.230769,-1831.384615,7,319.8722229,41.95981979,t
EM_sbkHIOzicbFBNXIZEVQ,8932.923077,-336,2,320.3515015,198.9441986,t
d17rr7_AGg8QlYD-igzbjQ,1454.769231,-793.8461538,7,0.560906053,356.4375,t
DlhzfylAVlaMt84Ke8kVIQ,5712,-772.9230769,7,95.62498474,84.9375,t
myxyW6DeWDkOF6f7GHVilg,5179.076923,-1047.384615,7,90.68100739,84.9375,t
hZn8p6XKjAbaK0MvHjHb2g,12576,-115.6923077,7,272.7586975,276.046875,t
KJl-DHnID9XBKO6EL0j_lg,2766.769231,-476.3076923,7,150.4448242,55.5625,t
JXWKm67QSYkqn7DcCbsf-g,16302.76923,-475.0769231,7,150.0388947,357.9553528,t
GYs_arMh74t1UOGC_gI1KA,14365.53846,-553.8461538,7,116.0844498,301.0803528,t
NRf4nUU9Yh145Fzc_WBAhg,10088.61538,-395.0769231,4,320.0076904,225.7566986,t
YzpZ7nvO7crSglVFrrtI0g,10806.15385,-436.9230769,4,320.1477051,242.6785736,t
f6VvBYlMx8kRU0KS1RSzIQ,2179.692308,-1986.461538,7,319.7590332,42.75669479,t
S-fydTAtahPmLFDNO1eZTA,2313.846154,-1996.307692,7,320.0182495,47.49106979,t
99m6_hma5KmtLLASTx-S2A,1104,-1703.384615,7,320.2964172,19.6473217,t
c5Hnei_1dBqxs5CAdPKNDg,2636.307692,-1694.769231,7,319.9555359,63.28794479,t
CwSoM662gO_gjBeT-iV7Dg,1826.461538,-1963.076923,7,320.0700684,35.16294479,t
mDOVyTABpo0Mufmh6yoLdA,10665.84615,-402.4615385,4,319.9950256,233.0691986,t
H6ganu53-YN1p8W4ql3BRg,2270.769231,-1735.384615,7,319.9725952,52.97544479,t
bet_SSt78iYndwAc6tMUdA,10353.23077,-434.4615385,4,320.2433777,234.9910736,t
qdtf_Yb4BQ8Py-AZIHyKTw,9222.153846,-384,4,320.1976318,207.8504486,t
_fSIgdBi9r8HdkGnYox6tA,10850.46154,-441.8461538,4,320.1381531,239.3504486,t
eWk0Btof2DWkeLVWkHKevg,10113.23077,-327.3846154,2,321.5270386,217.4977722,t
FpWarYiHs70UkrUkbuMdvw,8528,-350.7692308,3,319.9367981,184.8415222,t
OdbbqOwEdYEZm_xDXX1soA,3778.461538,-1777.230769,7,320.0169678,70.88169861,t
Tw9QMxlvq6_fe7ZLEkswag,2541.538462,-1884.307692,7,320.2065735,70.69419861,t
99m6_hma5KmtLLASTx-S2A,10540.30769,-398.7692308,4,320.2964172,239.5379486,t
fGuwn_XQXYZPoBQdnYWzQA,10848,-390.1538462,4,320.0384827,233.8191986,t
ZkWRq_8eXig80lpedQwOfQ,10676.92308,-427.0769231,4,319.91922,241.2254486,t
_zHHk8MHVTkN6Tgumr3l-w,10226.46154,-434.4615385,4,320.1179199,226.7410736,t
UllByZTAKraVZUR5AsaTQw,13998.76923,-704,1,43.43444824,303.625,t
UllByZTAKraVZUR5AsaTQw,13120,-654.7692308,1,43.43444824,286.75,t
UllByZTAKraVZUR5AsaTQw,10340.92308,-625.2307692,1,43.43444824,235.1875,t
UllByZTAKraVZUR5AsaTQw,9730.461538,-672,1,43.43444824,212.125,t
UllByZTAKraVZUR5AsaTQw,6557.538462,-664.6153846,1,43.43444824,141.4375,t
UllByZTAKraVZUR5AsaTQw,9554.461538,-609.2307692,3,43.43444824,208,t
UllByZTAKraVZUR5AsaTQw,6210.461538,-617.8461538,3,43.43444824,135.25,t
UllByZTAKraVZUR5AsaTQw,5863.384615,-636.3076923,1,43.43444824,129.0625,t
UllByZTAKraVZUR5AsaTQw,3252.923077,-718.7692308,1,43.43444824,70.375,t
UllByZTAKraVZUR5AsaTQw,2413.538462,-711.3846154,1,43.43444824,62.125,t
UllByZTAKraVZUR5AsaTQw,2412.307692,-540.3076923,4,43.43444824,62.125,t
UllByZTAKraVZUR5AsaTQw,3011.692308,-608,4,43.43444824,67,t
