stxXyCKAbd73DmkM2vsIHA,9718,-455,1,50.4137916565,262,t
stxXyCKAbd73DmkM2vsIHA,8179,-340,1,50.4137916565,200,t
stxXyCKAbd73DmkM2vsIHA,7784,-340,2,50.4137916565,200,t
stxXyCKAbd73DmkM2vsIHA,4962,-839,1,50.4137916565,97,t
stxXyCKAbd73DmkM2vsIHA,3879,-955,1,50.4137916565,97,t
stxXyCKAbd73DmkM2vsIHA,2708,-612,7,50.4137916565,97,t
stxXyCKAbd73DmkM2vsIHA,730,-800,1,50.4137916565,7,t
stxXyCKAbd73DmkM2vsIHA,730,-800,1,50.4137916565,7,t
3TO1sxavsQLIliltuPh5yw,11183,-514,1,180.3689117432,299.3236694336,t
3TO1sxavsQLIliltuPh5yw,9057,-602,1,180.3689117432,228.6986541748,t
3TO1sxavsQLIliltuPh5yw,3833,-371,6,180.3689117432,97.0736618042,t
2zMHlmqFF6V2SHqueb1fZA,595,-510,4,89.7510452271,20.665178299,t
cVV7quHvGXvu4-VKs_M9bQ,8139,-745,6,89.6410217285,206.2544708252,t
jQdLwvjVMqab7AAsMcrVQA,1305,-411,1,85.1781539917,17.8169651031,t
jQdLwvjVMqab7AAsMcrVQA,3860,-775,1,85.1781539917,87.0044631958,t
jQdLwvjVMqab7AAsMcrVQA,5378,-1048,1,85.1781539917,153.7544708252,t
jQdLwvjVMqab7AAsMcrVQA,9071,-705,1,85.1781539917,245.2544708252,t
jQdLwvjVMqab7AAsMcrVQA,9732,-544,1,85.1781539917,256.59375,t
jQdLwvjVMqab7AAsMcrVQA,600,-391,1,85.1781539917,12.5758924484,t
lk95zcW0edw2sZCB1rMPTA,12710,-408,1,106.5669403076,341.8660583496,t
lk95zcW0edw2sZCB1rMPTA,12123,-498,1,106.5669403076,328.1785583496,t
hYEH3dM1ydGeOvU7l906_A,7995,-401,1,255.2823944092,210.609375,t
hYEH3dM1ydGeOvU7l906_A,11453,-997,4,255.2823944092,308.3459777832,t
bV4C_Q1VLnHuAnCl0C5n6g,70,-640,3,234.0369262695,0.7633928657,t
7Y3UweyyZqDYGrFaXYUyUA,6474,-1402,3,90.3536071777,175.7633972168,t
9l6MO0OP2_Pxuyd-dbeuZg,8175,-1308,4,90.1583862305,203.7142791748,t
48JKHgwep8fxH0FYOrDxIg,8152,-1213,4,89.0884017944,182.9017791748,t
48JKHgwep8fxH0FYOrDxIg,6836,-1381,4,89.0884017944,182.9017791748,t
48JKHgwep8fxH0FYOrDxIg,5307,-1119,4,89.0884017944,182.9017791748,t
p-rJVykMOw5fr52Lo8svYw,12272,-1048,4,91.3041381836,333.6517944336,t
xtLnOVoyuXQoLpHgaC1T5g,1424,-920,1,90.6055297852,71.2924118042,t
xtLnOVoyuXQoLpHgaC1T5g,6038,-1530,1,90.6055297852,169.6361541748,t
iKQUgAy3Qng_G5aAZrrAqQ,2232,-628,1,40.2933540344,82.0625,t
iKQUgAy3Qng_G5aAZrrAqQ,2393,-469,1,40.2933540344,71.5625,t
iKQUgAy3Qng_G5aAZrrAqQ,12745,-318,1,40.2933540344,332,t
gyFuxqdBmrjXpxMkvJLUnA,4834,-1333,1,35.4939727783,102.5,t
gyFuxqdBmrjXpxMkvJLUnA,3771,-840,1,35.4939727783,102.5,t
gyFuxqdBmrjXpxMkvJLUnA,2045,-238,1,35.4939727783,61.8125,t
gyFuxqdBmrjXpxMkvJLUnA,11460,-377,1,35.4939727783,325.25,t
gyFuxqdBmrjXpxMkvJLUnA,11916,-268,2,35.4939727783,325.25,t
gyFuxqdBmrjXpxMkvJLUnA,11827,-199,1,35.4939727783,325.015625,t
gyFuxqdBmrjXpxMkvJLUnA,12744,-131,1,35.4939727783,342.828125,t
gyFuxqdBmrjXpxMkvJLUnA,909,-188,1,35.4939727783,22.90625,t
gyFuxqdBmrjXpxMkvJLUnA,1534,-200,1,35.4939727783,43.671875,t
A-eM226LYCgGNB1WLubj8Q,4014,-575,1,315.6326904297,121.3125,t
A-eM226LYCgGNB1WLubj8Q,5616,-205,1,315.6326904297,146.0625,t
A-eM226LYCgGNB1WLubj8Q,5858,-178,2,315.6326904297,161.71875,t
A-eM226LYCgGNB1WLubj8Q,6806,-184,2,315.6326904297,172.546875,t
A-eM226LYCgGNB1WLubj8Q,3599,-639,3,315.6326904297,89.34375,t
A-eM226LYCgGNB1WLubj8Q,1000,-813,4,315.6326904297,54.09375,t
A-eM226LYCgGNB1WLubj8Q,13015,-271,4,315.6326904297,14.53125,t
A-eM226LYCgGNB1WLubj8Q,2339,-946,4,315.6326904297,14.53125,t
A-eM226LYCgGNB1WLubj8Q,4108,-331,4,315.6326904297,110.90625,t
wgZ25_QKLDhmVEFkPAmBJw,7112,-294,2,223.0366363525,170.71875,t
wgZ25_QKLDhmVEFkPAmBJw,5291,-316,2,223.0366363525,170.71875,t
wgZ25_QKLDhmVEFkPAmBJw,4863,-324,1,223.0366363525,123.46875,t
wgZ25_QKLDhmVEFkPAmBJw,1574,-400,1,223.0366363525,70.96875,t
dd3XXVb8eaIf5FcUAMqySg,7170,-719,2,173.6896209717,189.65625,t
dd3XXVb8eaIf5FcUAMqySg,3740,-438,2,173.6896209717,113.34375,t
dd3XXVb8eaIf5FcUAMqySg,3508,-368,1,173.6896209717,113.34375,t
dd3XXVb8eaIf5FcUAMqySg,10095,-775,3,173.6896209717,268.96875,t
ENwChk0mv975oT08FxdQGQ,1974,-402,2,161.3479614258,36.28125,t
ENwChk0mv975oT08FxdQGQ,11062,-1174,2,161.3479614258,311.34375,t
ElKlsmPuAEyNlkkNamP1-A,7029,-508,1,160.6070709229,184.03125,t
ElKlsmPuAEyNlkkNamP1-A,3397,-359,1,160.6070709229,107.90625,t
ElKlsmPuAEyNlkkNamP1-A,4333,-264,1,160.6070709229,135.65625,t
ElKlsmPuAEyNlkkNamP1-A,4002,-218,7,160.6070709229,101.109375,t
ElKlsmPuAEyNlkkNamP1-A,6533,-205,1,160.6070709229,184.1294708252,t
ElKlsmPuAEyNlkkNamP1-A,4701,-219,1,160.6070709229,135.6473236084,t
ElKlsmPuAEyNlkkNamP1-A,6200,-175,2,160.6070709229,166.6294708252,t
D5Se4AuiyxHr2ht2CkjnBQ,6236,-393,2,183.4651641846,176.0044708252,t
D5Se4AuiyxHr2ht2CkjnBQ,6651,-458,1,183.4651641846,186.9866027832,t
D5Se4AuiyxHr2ht2CkjnBQ,9695,-1252,1,183.4651641846,257.7008972168,t
D5Se4AuiyxHr2ht2CkjnBQ,3253,-335,1,183.4651641846,89.3973236084,t
D5Se4AuiyxHr2ht2CkjnBQ,3729,-331,1,183.4651641846,89.3973236084,t
D5Se4AuiyxHr2ht2CkjnBQ,2971,-288,7,183.4651641846,89.3973236084,t
D5Se4AuiyxHr2ht2CkjnBQ,2047,-348,1,183.4651641846,66.8080368042,t
53PJ9NuERcvfRvPwoRIkUQ,5699,-564,1,126.8557510376,162.2142791748,t
53PJ9NuERcvfRvPwoRIkUQ,8044,-525,1,126.8557510376,234.9642791748,t
53PJ9NuERcvfRvPwoRIkUQ,9166,-433,1,126.8557510376,255.9642791748,t
53PJ9NuERcvfRvPwoRIkUQ,11360,-347,1,126.8557510376,303.0267944336,t
53PJ9NuERcvfRvPwoRIkUQ,12152,-267,1,126.8557510376,326.0892944336,t
53PJ9NuERcvfRvPwoRIkUQ,741,-290,1,126.8557510376,15.9642858505,t
53PJ9NuERcvfRvPwoRIkUQ,1417,-251,3,126.8557510376,48.9642868042,t
XGSiU6m3bAhqEwoZtgrSEg,12035,-879,1,14.178565979,315.7767944336,t
XGSiU6m3bAhqEwoZtgrSEg,2131,-395,1,14.178565979,37.1517868042,t
XGSiU6m3bAhqEwoZtgrSEg,10529,-325,1,14.178565979,267.4017944336,t
TnANORuEWpEMc44k-EpN1Q,12989,-678,1,310.3451843262,338.0892944336,t
TnANORuEWpEMc44k-EpN1Q,10695,-317,1,310.3451843262,282.7767944336,t
TnANORuEWpEMc44k-EpN1Q,10221,-267,1,310.3451843262,282.7767944336,t
4gQPTKnVWtTrdCF7HXPANg,2775,-971,1,322.1788330078,49.7142868042,t
4gQPTKnVWtTrdCF7HXPANg,9747,-522,1,322.1788330078,269.4642944336,t
4gQPTKnVWtTrdCF7HXPANg,9376,-341,1,322.1788330078,269.4642944336,t
4gQPTKnVWtTrdCF7HXPANg,9449,-324,3,322.1788330078,261.4017944336,t
prMAsZ283Q-GBpPv9OA2IQ,4708,-411,2,168.2172393799,143.0625,t
prMAsZ283Q-GBpPv9OA2IQ,5160,-376,2,168.2172393799,143.0625,t
prMAsZ283Q-GBpPv9OA2IQ,7370,-503,2,168.2172393799,212.25,t
prMAsZ283Q-GBpPv9OA2IQ,8236,-497,2,168.2172393799,212.25,t
prMAsZ283Q-GBpPv9OA2IQ,10876,-574,2,168.2172393799,300.9375,t
prMAsZ283Q-GBpPv9OA2IQ,11455,-543,2,168.2172393799,300.9375,t
prMAsZ283Q-GBpPv9OA2IQ,1254,-758,2,168.2172393799,41.0625,t
prMAsZ283Q-GBpPv9OA2IQ,2556,-653,2,168.2172393799,41.0625,t
sPYP6S60xuD2gJ2LDe8w3g,5836,-1120,2,93.5872955322,145.125,t
sPYP6S60xuD2gJ2LDe8w3g,6747,-818,2,93.5872955322,145.125,t
sPYP6S60xuD2gJ2LDe8w3g,13103,-979,2,93.5872955322,28.6875,t
sPYP6S60xuD2gJ2LDe8w3g,12397,-670,2,93.5872955322,341.0625,t
Ebfc5SEgnQhFobNGWu6PWg,8395,-505,1,341.3625488281,236.2678527832,t
Ebfc5SEgnQhFobNGWu6PWg,11472,-662,2,341.3625488281,300.2857055664,t
Ebfc5SEgnQhFobNGWu6PWg,1426,-385,7,341.3625488281,36.75,t
Ebfc5SEgnQhFobNGWu6PWg,411,-460,7,341.3625488281,36.75,t
Ebfc5SEgnQhFobNGWu6PWg,6467,-497,1,341.3625488281,177,t
P3r9DFelb4FPkN5XCJBntQ,6189,-1165,1,104.121673584,173.4375,t
P3r9DFelb4FPkN5XCJBntQ,362,-402,2,104.121673584,355.125,t
P3r9DFelb4FPkN5XCJBntQ,4152,-277,1,104.121673584,113.4375,t
fILqT3EWJ_ZpezDigHJ-Aw,4525,-299,1,98.9909515381,117.75,t
fILqT3EWJ_ZpezDigHJ-Aw,1644,-183,2,98.9909515381,33.9375,t
HTZEaw8gPnRj6ltd83FYaQ,11902,-592,2,71.3385238647,339.5625,t
HTZEaw8gPnRj6ltd83FYaQ,12080,-911,1,71.3385238647,330,t
HTZEaw8gPnRj6ltd83FYaQ,7906,-895,1,71.3385238647,220.5,t
HTZEaw8gPnRj6ltd83FYaQ,8031,-593,1,71.3385238647,220.5,t
HTZEaw8gPnRj6ltd83FYaQ,9323,-235,1,71.3385238647,239.0625,t
HTZEaw8gPnRj6ltd83FYaQ,10596,-270,2,71.3385238647,298.6875,t
HTZEaw8gPnRj6ltd83FYaQ,10347,-213,1,71.3385238647,274.875,t
PzKLPRWBFuASHjalf9__Sw,9335,-285,1,47.8304862976,274.875,t
PzKLPRWBFuASHjalf9__Sw,6947,-976,1,47.8304862976,201.9375,t
PzKLPRWBFuASHjalf9__Sw,5716,-1550,1,47.8304862976,175.3125,t
PzKLPRWBFuASHjalf9__Sw,6386,-374,3,47.8304862976,175.3125,t
PzKLPRWBFuASHjalf9__Sw,197,-649,1,47.8304862976,5.0625,t
PzKLPRWBFuASHjalf9__Sw,12958,-487,2,47.8304862976,5.0625,t
PzKLPRWBFuASHjalf9__Sw,10896,-277,2,47.8304862976,314.625,t
RoOyujZ_v9GlaDgmKdclvw,12369,-1526,1,230.6376495361,17.625,t
RoOyujZ_v9GlaDgmKdclvw,690,-755,2,230.6376495361,17.625,t
RoOyujZ_v9GlaDgmKdclvw,6977,-767,1,230.6376495361,184.6875,t
RoOyujZ_v9GlaDgmKdclvw,6143,-512,1,230.6376495361,184.6875,t
RoOyujZ_v9GlaDgmKdclvw,7269,-500,4,230.6376495361,184.6875,t
vQCWx0P7DExHD-KIfA7keA,1870,-808,2,140.2274169922,58.1875,t
vQCWx0P7DExHD-KIfA7keA,2667,-649,2,140.2274169922,58.1875,t
vQCWx0P7DExHD-KIfA7keA,11379,-792,2,140.2274169922,298.375,t
vQCWx0P7DExHD-KIfA7keA,5177,-445,1,140.2274169922,140.6875,t
zsvKv7NrQo5DyRZJWnUKlQ,11220,-525,2,89.0975646973,311.3125,t
zsvKv7NrQo5DyRZJWnUKlQ,9032,-474,1,89.0975646973,251.125,t
IPINWuRD6RThQtPSHnVRZw,1334,-757,2,88.9659805298,50.3125,t
IPINWuRD6RThQtPSHnVRZw,1280,-497,2,88.9659805298,50.3125,t
IPINWuRD6RThQtPSHnVRZw,5197,-701,2,88.9659805298,131.6875,t
IPINWuRD6RThQtPSHnVRZw,5253,-477,2,88.9659805298,131.6875,t
b0eOV36e75GdxsTJKxhJzw,5022,-581,1,88.7871856689,144.0625,t
b0eOV36e75GdxsTJKxhJzw,5509,-420,3,88.7871856689,144.0625,t
b0eOV36e75GdxsTJKxhJzw,7657,-570,2,88.7871856689,198.8125,t
b0eOV36e75GdxsTJKxhJzw,8245,-612,2,88.7871856689,198.8125,t
b0eOV36e75GdxsTJKxhJzw,1487,-618,2,88.7871856689,46.375,t
b0eOV36e75GdxsTJKxhJzw,1125,-582,2,88.7871856689,24.625,t
b0eOV36e75GdxsTJKxhJzw,12279,-629,2,88.7871856689,335.3125,t
b0eOV36e75GdxsTJKxhJzw,11671,-697,2,88.7871856689,335.3125,t
IPINWuRD6RThQtPSHnVRZw,1984,-726,2,88.9659805298,44.3125,t
_ThcAfjL-9PVTI2IGWcIkg,1213,-808,2,359.3663330078,13.9375,t
_ThcAfjL-9PVTI2IGWcIkg,1875,-774,2,359.3663330078,13.9375,t
_ThcAfjL-9PVTI2IGWcIkg,11731,-663,2,359.3663330078,323.875,t
_ThcAfjL-9PVTI2IGWcIkg,11090,-668,2,359.3663330078,323.875,t
_ThcAfjL-9PVTI2IGWcIkg,8152,-497,2,359.3663330078,226.375,t
_ThcAfjL-9PVTI2IGWcIkg,7808,-472,2,359.3663330078,226.375,t
_ThcAfjL-9PVTI2IGWcIkg,5279,-586,2,359.3663330078,147.0625,t
_ThcAfjL-9PVTI2IGWcIkg,5870,-481,2,359.3663330078,147.0625,t
_ThcAfjL-9PVTI2IGWcIkg,5819,-416,3,359.3663330078,147.0625,t
2A6p50LemUj6YuJYRTcoOA,5069,-837,2,359.1180419922,112.1875,t
2A6p50LemUj6YuJYRTcoOA,5165,-574,2,359.1180419922,112.1875,t
2A6p50LemUj6YuJYRTcoOA,8668,-730,2,359.1180419922,216.8125,t
wiW8PBT09OyhaBosI5vw6A,11425,-503,1,1.1734104156,313.75,t
wiW8PBT09OyhaBosI5vw6A,1647,-591,1,1.1734104156,8.875,t
wiW8PBT09OyhaBosI5vw6A,12382,-287,1,1.1734104156,333.4375,t
fnSNW0E9urQ7bfNcOts3_w,5330,-777,1,358.6837158203,143.3125,t
Xmfv29SgOgcVOVv55fc0HQ,11987,-663,1,358.5075683594,338.6875,t
Xmfv29SgOgcVOVv55fc0HQ,5073,-449,1,358.5075683594,137.3125,t
Xmfv29SgOgcVOVv55fc0HQ,5976,-345,1,358.5075683594,152.6875,t
Xmfv29SgOgcVOVv55fc0HQ,7523,-341,1,358.5075683594,213.8125,t
Xmfv29SgOgcVOVv55fc0HQ,8412,-392,1,358.5075683594,237.625,t
Xmfv29SgOgcVOVv55fc0HQ,10417,-686,1,358.5075683594,295.9375,t
2A6p50LemUj6YuJYRTcoOA,8452,-478,2,359.1180419922,216.8125,t
fnSNW0E9urQ7bfNcOts3_w,3802,-752,1,358.6837158203,101.875,t
Xmfv29SgOgcVOVv55fc0HQ,2896,-693,1,358.5075683594,66.25,t
wiW8PBT09OyhaBosI5vw6A,2097,-1016,1,1.1734104156,37.75,t
wiW8PBT09OyhaBosI5vw6A,861,-338,1,1.1734104156,8.875,t
fnSNW0E9urQ7bfNcOts3_w,1577,-542,1,358.6837158203,34.5625,t
fnSNW0E9urQ7bfNcOts3_w,11655,-510,1,358.6837158203,307,t
wiW8PBT09OyhaBosI5vw6A,11019,-872,1,1.1734104156,313.75,t
fnSNW0E9urQ7bfNcOts3_w,8142,-621,1,358.6837158203,208.1875,t
fnSNW0E9urQ7bfNcOts3_w,9541,-615,1,358.6837158203,255.4375,t
Xmfv29SgOgcVOVv55fc0HQ,1340,-716,1,358.5075683594,25.5625,t
DZtX1-3WTIFwW5UFbYpS-A,8415,-700,1,358.7449035645,223.75,t
DZtX1-3WTIFwW5UFbYpS-A,5098,-694,1,358.7449035645,147.25,t
DZtX1-3WTIFwW5UFbYpS-A,1375,-478,3,358.7449035645,46.5625,t
7YiyTzFbvNivLvYXAuu88Q,3194,-779,3,359.624786377,68.875,t
7YiyTzFbvNivLvYXAuu88Q,3852,-693,3,359.624786377,68.875,t
EWazcRXx4rxAJN-uqRdT1g,5597,-441,3,359.2885742188,136.1875,t
EWazcRXx4rxAJN-uqRdT1g,12123,-403,3,359.2885742188,336.625,t
QmtfhalnBQ7CEsi1nJmm6g,11633,-550,2,359.7643127441,347.9375,t
QmtfhalnBQ7CEsi1nJmm6g,896,-741,2,359.7643127441,36.3125,t
QmtfhalnBQ7CEsi1nJmm6g,1571,-863,2,359.7643127441,60.125,t
QmtfhalnBQ7CEsi1nJmm6g,4961,-742,2,359.7643127441,142.625,t
QmtfhalnBQ7CEsi1nJmm6g,8280,-462,2,359.7643127441,217.4375,t
QmtfhalnBQ7CEsi1nJmm6g,9001,-444,1,359.7643127441,217.4375,t
QmtfhalnBQ7CEsi1nJmm6g,10802,-505,1,359.7643127441,291.875,t
IfWzYEHcWFgEdUVrWJOtbQ,9277,-648,2,359.8266906738,263.375,t
IfWzYEHcWFgEdUVrWJOtbQ,3302,-989,2,359.8266906738,101.5625,t
IfWzYEHcWFgEdUVrWJOtbQ,4798,-1356,2,359.8266906738,101.5625,t
DXCYcbKzmYWxfeJEi-_OOg,750,-693,2,359.8872680664,27.3125,t
DXCYcbKzmYWxfeJEi-_OOg,11644,-572,2,359.8872680664,317.9375,t
DD_VEw86rKdcCULiczEY9g,5959,-673,2,357.4627380371,160.4375,t
DD_VEw86rKdcCULiczEY9g,8435,-498,2,357.4627380371,220.25,t
LVbKACFUqHL0i5ALf0P41Q,5981,-598,2,320.4672241211,164.75,t
LVbKACFUqHL0i5ALf0P41Q,1909,-1664,2,320.4672241211,45.5,t
LVbKACFUqHL0i5ALf0P41Q,105,-1302,2,320.4672241211,7.625,t
LVbKACFUqHL0i5ALf0P41Q,10554,-510,2,320.4672241211,287.75,t
LVbKACFUqHL0i5ALf0P41Q,10058,-383,1,320.4672241211,259.4375,t
LVbKACFUqHL0i5ALf0P41Q,8634,-298,1,320.4672241211,233.1875,t
LVbKACFUqHL0i5ALf0P41Q,8147,-279,2,320.4672241211,233.1875,t
LVbKACFUqHL0i5ALf0P41Q,6530,-385,2,320.4672241211,169.4375,t
jCAimau0IoExc3RWWzR1Cw,5371,-1853,2,21.5248012543,170.1875,t
jCAimau0IoExc3RWWzR1Cw,3232,-1470,2,21.5248012543,108.3125,t
jCAimau0IoExc3RWWzR1Cw,9100,-504,2,21.5248012543,248.375,t
jCAimau0IoExc3RWWzR1Cw,9784,-447,1,21.5248012543,248.375,t
U-aA9ZXvFpX_IZLwNb-VRQ,2047,-807,2,45.0922393799,68.5625,t
U-aA9ZXvFpX_IZLwNb-VRQ,11357,-820,2,45.0922393799,314.5625,t
U-aA9ZXvFpX_IZLwNb-VRQ,10543,-659,1,45.0922393799,292.0625,t
U-aA9ZXvFpX_IZLwNb-VRQ,8574,-450,1,45.0922393799,218.75,t
U-aA9ZXvFpX_IZLwNb-VRQ,7574,-408,1,45.0922393799,218.75,t
U-aA9ZXvFpX_IZLwNb-VRQ,6078,-428,1,45.0922393799,153.125,t
U-aA9ZXvFpX_IZLwNb-VRQ,5176,-516,1,45.0922393799,128.1875,t
mADzhX_EbNX-almFPPDqZQ,8605,-761,1,71.909362793,243.3125,t
mADzhX_EbNX-almFPPDqZQ,11878,-792,1,71.909362793,313.8125,t
mADzhX_EbNX-almFPPDqZQ,12966,-723,2,71.909362793,313.8125,t
mADzhX_EbNX-almFPPDqZQ,6932,-669,1,71.909362793,194.75,t
iXYGtES5ujggzEp38_EJYg,7257,-1389,2,65.3627853394,218.375,t
iXYGtES5ujggzEp38_EJYg,7622,-904,2,65.3627853394,218.375,t
iXYGtES5ujggzEp38_EJYg,9145,-409,2,65.3627853394,218.375,t
yVu1RX2Ri4CQa2dpYDoxAA,3732,-264,2,100.9208450317,94.625,t
yVu1RX2Ri4CQa2dpYDoxAA,2554,-264,2,100.9208450317,55.8125,t
iXYGtES5ujggzEp38_EJYg,9391,-423,2,65.3627853394,218.375,t
iXYGtES5ujggzEp38_EJYg,11083,-353,2,65.3627853394,297.875,t
iXYGtES5ujggzEp38_EJYg,9326,-419,3,65.3627853394,218.375,t
iXYGtES5ujggzEp38_EJYg,12871,-787,2,65.3627853394,355.4375,t
V67Nf7PIpKcBCiF0WyaVPQ,902,-584,2,80.1371383667,5,t
yVu1RX2Ri4CQa2dpYDoxAA,4782,-845,2,100.9208450317,152.9375,t
yVu1RX2Ri4CQa2dpYDoxAA,3974,-288,2,100.9208450317,94.625,t
yVu1RX2Ri4CQa2dpYDoxAA,2307,-280,2,100.9208450317,55.8125,t
iXYGtES5ujggzEp38_EJYg,8603,-366,7,65.3627853394,218.375,t
V67Nf7PIpKcBCiF0WyaVPQ,5396,-1401,2,80.1371383667,149,t
V67Nf7PIpKcBCiF0WyaVPQ,8449,-492,7,80.1371383667,210.3125,t
yVu1RX2Ri4CQa2dpYDoxAA,1426,-585,2,100.9208450317,21.875,t
iXYGtES5ujggzEp38_EJYg,12622,-631,2,65.3627853394,355.4375,t
V67Nf7PIpKcBCiF0WyaVPQ,4307,-1303,2,80.1371383667,149,t
V67Nf7PIpKcBCiF0WyaVPQ,562,-517,2,80.1371383667,5,t
yVu1RX2Ri4CQa2dpYDoxAA,4849,-615,2,100.9208450317,152.9375,t
V67Nf7PIpKcBCiF0WyaVPQ,9115,-668,2,80.1371383667,230.1875,t
V67Nf7PIpKcBCiF0WyaVPQ,9665,-570,2,80.1371383667,230.1875,t
LEFWqL6KZM5PYlZNn42wSg,9606,-513,7,179.9325256348,253.125,t
LEFWqL6KZM5PYlZNn42wSg,9012,-1341,2,179.9325256348,226.5,t
LEFWqL6KZM5PYlZNn42wSg,11894,-516,2,179.9325256348,323.4375,t
LEFWqL6KZM5PYlZNn42wSg,12518,-574,1,179.9325256348,346.5,t
LEFWqL6KZM5PYlZNn42wSg,1416,-531,1,179.9325256348,37.6875,t
LEFWqL6KZM5PYlZNn42wSg,3785,-676,1,179.9325256348,118.875,t
HsgeyvychgYBpMjEW1wA9w,11560,-486,1,90.2723083496,316.6875,t
HsgeyvychgYBpMjEW1wA9w,8881,-407,1,90.2723083496,262.3125,t
mvNsvSd_0EIJdbIu-HoqDA,4761,-899,1,90.3282394409,115.6875,t
mvNsvSd_0EIJdbIu-HoqDA,4851,-590,1,90.3282394409,115.6875,t
mvNsvSd_0EIJdbIu-HoqDA,1411,-701,1,90.3282394409,38.0625,t
mvNsvSd_0EIJdbIu-HoqDA,1586,-408,1,90.3282394409,38.0625,t
92ZZ-oToFsK3Zq25TIkzpw,7556,-1063,1,106.0760269165,199.5,t
92ZZ-oToFsK3Zq25TIkzpw,9319,-958,1,106.0760269165,259.5,t
92ZZ-oToFsK3Zq25TIkzpw,12293,-544,1,106.0760269165,331.3125,t
92ZZ-oToFsK3Zq25TIkzpw,13303,-462,1,106.0760269165,331.3125,t
92ZZ-oToFsK3Zq25TIkzpw,2126,-353,1,106.0760269165,48.2232131958,t
92ZZ-oToFsK3Zq25TIkzpw,1175,-224,7,106.0760269165,32.3303565979,t
92ZZ-oToFsK3Zq25TIkzpw,4077,-513,1,106.0760269165,117.8660736084,t
92ZZ-oToFsK3Zq25TIkzpw,4525,-404,3,106.0760269165,117.8660736084,t
92ZZ-oToFsK3Zq25TIkzpw,3793,-358,4,106.0760269165,98.0446395874,t
DF4VBwDNJeFEg80MG6WL-A,4752,-810,1,90.3000183105,123.7589263916,t
DF4VBwDNJeFEg80MG6WL-A,4043,-608,4,90.3000183105,116.2589263916,t
DF4VBwDNJeFEg80MG6WL-A,8869,-703,1,90.3000183105,234.8303527832,t
DF4VBwDNJeFEg80MG6WL-A,9855,-566,1,90.3000183105,263.3125,t
DF4VBwDNJeFEg80MG6WL-A,11576,-425,1,90.3000183105,304.4732055664,t
DF4VBwDNJeFEg80MG6WL-A,12601,-371,1,90.3000183105,337.5089416504,t
DF4VBwDNJeFEg80MG6WL-A,657,-203,7,90.3000183105,36.9732131958,t
DF4VBwDNJeFEg80MG6WL-A,1450,-528,1,90.3000183105,52.8660697937,t
e-IyX4KXrmU_l5582FckLA,8379,-680,1,82.6969451904,211.7946472168,t
e-IyX4KXrmU_l5582FckLA,4117,-481,4,82.6969451904,122.3303604126,t
pn4K6uKsurl7qs5Dx8eUaA,3750,-281,3,87.4653701782,118.9375,t
pn4K6uKsurl7qs5Dx8eUaA,6792,-1072,4,87.4653701782,184.1160736084,t
pn4K6uKsurl7qs5Dx8eUaA,761,-613,4,87.4653701782,13.4017858505,t
oWacB_PuNgyTIxe3qr_sDg,4255,-527,3,88.2289276123,111.6160736084,t
VLnYi6PCtn8Z4h0IkhtNJw,1785,-455,1,90.1224136353,43.6696434021,t
VLnYi6PCtn8Z4h0IkhtNJw,3943,-352,1,90.1224136353,100.9910736084,t
VLnYi6PCtn8Z4h0IkhtNJw,4375,-461,4,90.1224136353,115.5446395874,t
oAMp90wEnIghr7ykQYklgA,157,-628,1,91.715171814,5.1875,t
oAMp90wEnIghr7ykQYklgA,4668,-665,1,91.715171814,124.3839263916,t
lUllc_bkAnZ145agnrLU9w,8239,-1420,1,109.5334320068,210.9910736084,t
lUllc_bkAnZ145agnrLU9w,6021,-727,3,109.5334320068,152.5089263916,t
Zezsvr7XeNaoSGgSjOf3gA,12134,-765,4,232.7931213379,340.875,t
Zezsvr7XeNaoSGgSjOf3gA,10701,-82,4,232.7931213379,307.75,t
Zezsvr7XeNaoSGgSjOf3gA,12799,-1756,2,232.7931213379,4.0892858505,t
Zezsvr7XeNaoSGgSjOf3gA,442,-1227,2,232.7931213379,4.0892858505,t
Zezsvr7XeNaoSGgSjOf3gA,2524,-515,2,232.7931213379,75.875,t
Zezsvr7XeNaoSGgSjOf3gA,2866,-472,2,232.7931213379,75.875,t
Zezsvr7XeNaoSGgSjOf3gA,4293,-277,2,232.7931213379,111.9464263916,t
Zezsvr7XeNaoSGgSjOf3gA,5504,-328,7,232.7931213379,147.3928527832,t
Zezsvr7XeNaoSGgSjOf3gA,6816,-570,7,232.7931213379,170.6964263916,t
5WWw7rCOil_KwsRivhN6Qw,9391,-149,7,255.2722473145,274.2142944336,t
5WWw7rCOil_KwsRivhN6Qw,10560,-320,7,255.2722473145,274.2142944336,t
5WWw7rCOil_KwsRivhN6Qw,1209,-1421,7,255.2722473145,17.071428299,t
S9tIMjyczH8lxkVdaEqPLw,11215,-436,7,267.3643188477,302.4285583496,t
Ii4_QF95UYk2cAHEXdn1EA,11268,-325,1,297.6207275391,300.2857055664,t
Ii4_QF95UYk2cAHEXdn1EA,10791,-337,1,297.6207275391,300.2857055664,t
NI7ma7FS4jHOC_zqpiE1hg,3061,-369,1,147.559753418,88.6785736084,t
hShqDLUwls0JCr6ZkzfOwA,7290,-653,1,146.9575195313,195.6428527832,t
5WWw7rCOil_KwsRivhN6Qw,4304,-810,7,255.2722473145,116.8035736084,t
-oXcWwBBzMSiP7lg0-EapQ,1503,-1235,7,269.6130065918,50.7321434021,t
S9tIMjyczH8lxkVdaEqPLw,8944,-323,7,267.3643188477,245.375,t
Ii4_QF95UYk2cAHEXdn1EA,2131,-502,1,297.6207275391,76.0892868042,t
Ii4_QF95UYk2cAHEXdn1EA,2679,-325,1,297.6207275391,90.5535736084,t
5WWw7rCOil_KwsRivhN6Qw,2552,-674,7,255.2722473145,73.5,t
5WWw7rCOil_KwsRivhN6Qw,1096,-906,7,255.2722473145,48.0535697937,t
-oXcWwBBzMSiP7lg0-EapQ,10351,75,7,269.6130065918,264.8392944336,t
NI7ma7FS4jHOC_zqpiE1hg,10722,-557,1,147.559753418,301.625,t
NI7ma7FS4jHOC_zqpiE1hg,9751,-493,1,147.559753418,274.9285583496,t
NI7ma7FS4jHOC_zqpiE1hg,4176,-143,1,147.559753418,96.7142868042,t
z1kamZOPVAoqtY8bWLpI-w,12946,-244,1,148.4836273193,347.6964416504,t
-oXcWwBBzMSiP7lg0-EapQ,9315,-252,7,269.6130065918,264.8392944336,t
-oXcWwBBzMSiP7lg0-EapQ,9544,89,7,269.6130065918,264.8392944336,t
-oXcWwBBzMSiP7lg0-EapQ,5909,-1646,7,269.6130065918,151.625,t
S9tIMjyczH8lxkVdaEqPLw,10045,-23,7,267.3643188477,274.0357055664,t
Ii4_QF95UYk2cAHEXdn1EA,4440,-228,1,297.6207275391,130.9107208252,t
Ii4_QF95UYk2cAHEXdn1EA,8628,-619,1,297.6207275391,219.8392791748,t
NI7ma7FS4jHOC_zqpiE1hg,3182,-147,1,147.559753418,96.7142868042,t
-oXcWwBBzMSiP7lg0-EapQ,10702,-245,7,269.6130065918,264.8392944336,t
Ii4_QF95UYk2cAHEXdn1EA,3920,-223,1,297.6207275391,90.5535736084,t
Ii4_QF95UYk2cAHEXdn1EA,6757,-583,1,297.6207275391,176.625,t
NI7ma7FS4jHOC_zqpiE1hg,3227,-256,1,147.559753418,96.7142868042,t
z1kamZOPVAoqtY8bWLpI-w,9552,-763,1,148.4836273193,260.375,t
z1kamZOPVAoqtY8bWLpI-w,12841,-149,1,148.4836273193,347.6964416504,t
z1kamZOPVAoqtY8bWLpI-w,11609,-197,1,148.4836273193,320.5535583496,t
z1kamZOPVAoqtY8bWLpI-w,11807,-166,1,148.4836273193,320.5535583496,t
2At5az6m7SkXrp-E5TCj4A,13220,-295,1,149.2821502686,354.2142944336,t
2At5az6m7SkXrp-E5TCj4A,12963,-176,1,149.2821502686,354.2142944336,t
2At5az6m7SkXrp-E5TCj4A,11498,-242,1,149.2821502686,320.8214416504,t
2At5az6m7SkXrp-E5TCj4A,11764,-182,1,149.2821502686,320.8214416504,t
3p46McMD5I9JwL7qNeUnZA,10348,-1444,1,164.9580383301,301.2678527832,t
3p46McMD5I9JwL7qNeUnZA,1959,-332,2,164.9580383301,50.4642868042,t
3p46McMD5I9JwL7qNeUnZA,1356,-274,1,164.9580383301,50.4642868042,t
3p46McMD5I9JwL7qNeUnZA,13117,-143,1,164.9580383301,359.8392944336,t
3p46McMD5I9JwL7qNeUnZA,12990,-162,2,164.9580383301,359.8392944336,t
3p46McMD5I9JwL7qNeUnZA,12176,-547,1,164.9580383301,321.1785583496,t
DPFpiJQFnnf46R1bTOk_jg,12989,-144,1,180.1379394531,350.1964416504,t
DTN__8w8ljcdVDYlDJ9Vog,7353,-525,1,180.940612793,185.1071472168,t
DTN__8w8ljcdVDYlDJ9Vog,5190,-359,1,180.940612793,141.625,t
DTN__8w8ljcdVDYlDJ9Vog,5226,-228,1,180.940612793,141.625,t
DTN__8w8ljcdVDYlDJ9Vog,5759,-156,1,180.940612793,141.625,t
DTN__8w8ljcdVDYlDJ9Vog,7355,-223,1,180.940612793,197.0714263916,t
DTN__8w8ljcdVDYlDJ9Vog,7696,-337,1,180.940612793,197.0714263916,t
DTN__8w8ljcdVDYlDJ9Vog,6751,-160,1,180.940612793,197.0714263916,t
Hea71Bl-hiygf4PeSKMGkg,4899,-217,1,196.5343322754,132.4285736084,t
Hea71Bl-hiygf4PeSKMGkg,5349,-207,1,196.5343322754,132.4285736084,t
cmucC73cw4gRsuMaUi4rrg,5219,-258,2,329.4599914551,146.8214263916,t
cmucC73cw4gRsuMaUi4rrg,5581,-284,2,329.4599914551,146.8214263916,t
cmucC73cw4gRsuMaUi4rrg,4271,-463,2,329.4599914551,111.9107131958,t
cmucC73cw4gRsuMaUi4rrg,4205,-1020,2,329.4599914551,111.9107131958,t
cmucC73cw4gRsuMaUi4rrg,9432,-549,2,329.4599914551,259.5,t
cmucC73cw4gRsuMaUi4rrg,9186,-424,2,329.4599914551,259.5,t
cmucC73cw4gRsuMaUi4rrg,7643,-338,2,329.4599914551,216.4642791748,t
cmucC73cw4gRsuMaUi4rrg,7133,-298,2,329.4599914551,202.9821472168,t
wuk--sZ3fJyMsMo4tJuybg,4684,-948,1,358.3263244629,129.375,t
3zcrhqVZmXigArxxbhf3Xg,5017,-593,3,358.9984741211,129.5625,t
3zcrhqVZmXigArxxbhf3Xg,5613,-666,2,358.9984741211,150,t
wuk--sZ3fJyMsMo4tJuybg,1331,-454,1,358.3263244629,17.8125,t
wuk--sZ3fJyMsMo4tJuybg,3605,-706,2,358.3263244629,97.125,t
NxGqyhjeCbOGEzwvXp_5lg,1724,-400,4,357.7825012207,31.875,t
wuk--sZ3fJyMsMo4tJuybg,8615,-850,2,358.3263244629,258.9375,t
wuk--sZ3fJyMsMo4tJuybg,9688,-662,2,358.3263244629,258.9375,t
wuk--sZ3fJyMsMo4tJuybg,11703,-399,2,358.3263244629,329.0625,t
wuk--sZ3fJyMsMo4tJuybg,822,-370,2,358.3263244629,12.5625,t
qTqy8ApuwdqFJLM39Tpohw,2489,-596,4,1.4293956757,54,t
3zcrhqVZmXigArxxbhf3Xg,8595,-607,1,358.9984741211,229.875,t
wuk--sZ3fJyMsMo4tJuybg,4680,-625,4,358.3263244629,147,t
wuk--sZ3fJyMsMo4tJuybg,12401,-330,2,358.3263244629,329.0625,t
NxGqyhjeCbOGEzwvXp_5lg,2166,-507,4,357.7825012207,32.4375,t
Qjt4NB_AdlhK_LsF0cq8tQ,11854,-217,4,0.7858963609,339.75,t
3zcrhqVZmXigArxxbhf3Xg,1891,-627,1,358.9984741211,62.4375,t
3zcrhqVZmXigArxxbhf3Xg,4745,-699,1,358.9984741211,128.0625,t
3zcrhqVZmXigArxxbhf3Xg,11213,-558,1,358.9984741211,300.5625,t
3zcrhqVZmXigArxxbhf3Xg,11984,-514,2,358.9984741211,300.5625,t
3zcrhqVZmXigArxxbhf3Xg,1050,-554,2,358.9984741211,35.0625,t
I1p0qahIaWz_h0bti11jzQ,7946,-625,6,268.1619567871,210.9375,t
SyBRKwoEe9GPdCDLFUtSGg,1993,-294,3,269.4930419922,43.6875,t
ATAqxJHKVWC6i-_DW9UL7Q,6049,-586,4,273.1448974609,144.9375,t
H_MWJQ7cpL7DMPDibkkzqw,7769,-619,4,271.8888244629,204.9375,t
jKPGTBV-DOk5OvwDpzNT2w,792,-719,2,241.8168334961,6.1875,t
jKPGTBV-DOk5OvwDpzNT2w,2192,-308,2,241.8168334961,55.125,t
N-oeZLAXrRig35-DRg1FPQ,1889,-415,4,270.263458252,44.5200881958,t
Y8my1cju0ZJm790K50k4yQ,12721,-621,2,299.429901123,357.8325805664,t
Y8my1cju0ZJm790K50k4yQ,239,-409,2,299.429901123,357.8325805664,t
Y8my1cju0ZJm790K50k4yQ,1989,-297,2,299.429901123,41.5200881958,t
Y8my1cju0ZJm790K50k4yQ,2358,-291,2,299.429901123,41.5200881958,t
Y8my1cju0ZJm790K50k4yQ,3716,-402,2,299.429901123,103.3950881958,t
Y8my1cju0ZJm790K50k4yQ,4128,-483,2,299.429901123,103.3950881958,t
Y8my1cju0ZJm790K50k4yQ,6377,-1022,2,299.429901123,196.3950958252,t
Y8my1cju0ZJm790K50k4yQ,8621,-1438,2,299.429901123,196.3950958252,t
VNXsMDKtdyuT1187K8Ibag,7163,-633,1,34.5282669067,208.875,t
HVL0n0BYcC3AQhGiz11dNg,3405,-1299,1,34.4835395813,105,t
HVL0n0BYcC3AQhGiz11dNg,5453,-548,1,34.4835395813,161.625,t
HVL0n0BYcC3AQhGiz11dNg,6549,-359,1,34.4835395813,161.625,t
HVL0n0BYcC3AQhGiz11dNg,7495,-385,1,34.4835395813,187.3125,t
HVL0n0BYcC3AQhGiz11dNg,11763,-253,1,34.4835395813,296.8125,t
treyXG0iNYWO-B5UX1nRbw,12446,-566,1,312.9138183594,338.0625,t
treyXG0iNYWO-B5UX1nRbw,80,-535,1,312.9138183594,2.625,t
treyXG0iNYWO-B5UX1nRbw,9112,-320,1,312.9138183594,245.0625,t
treyXG0iNYWO-B5UX1nRbw,8591,-339,1,312.9138183594,235.3125,t
treyXG0iNYWO-B5UX1nRbw,6058,-236,1,312.9138183594,180.375,t
treyXG0iNYWO-B5UX1nRbw,3912,-276,1,312.9138183594,102.375,t
gaS_5JMafCP7H-HBblKerg,150,-876,1,218.817276001,356.625,t
gaS_5JMafCP7H-HBblKerg,2649,-725,1,218.817276001,76.6875,t
gaS_5JMafCP7H-HBblKerg,3180,-637,4,218.817276001,76.6875,t
GjqtsBbRZzi_3Xo6nPLGgw,7665,-1250,1,65.785446167,224.25,t
GjqtsBbRZzi_3Xo6nPLGgw,10204,-703,1,65.785446167,259.5,t
JghltopjwDUBDFPzINbmMw,11603,-705,4,24.223487854,324.5625,t
_zDerr4r6cyvipeYfrVVJQ,7610,-1279,1,295.6425170898,213.5625,t
_zDerr4r6cyvipeYfrVVJQ,191,-642,1,295.6425170898,5.0625,t
_zDerr4r6cyvipeYfrVVJQ,2242,-394,1,295.6425170898,60.75,t
_zDerr4r6cyvipeYfrVVJQ,2938,-336,1,295.6425170898,60.75,t
6WbY_F4cHQF3KGel39vcQw,6587,-948,1,120.5727233887,185.25,t
6WbY_F4cHQF3KGel39vcQw,6991,-536,3,120.5727233887,185.625,t
6WbY_F4cHQF3KGel39vcQw,43,-1281,1,120.5727233887,3.1875,t
6WbY_F4cHQF3KGel39vcQw,12326,-592,1,120.5727233887,3.1875,t
6WbY_F4cHQF3KGel39vcQw,11118,-274,1,120.5727233887,294.9375,t
6WbY_F4cHQF3KGel39vcQw,9173,-366,2,120.5727233887,241.875,t
RDaXSbziEjAp3eU3LDKnEg,9173,-546,4,358.7060852051,260.625,t
6WbY_F4cHQF3KGel39vcQw,7272,-720,2,120.5727233887,200.25,t
RDaXSbziEjAp3eU3LDKnEg,9858,-550,4,358.7060852051,260.625,t
NQANnpx_DaSTTS5OS-V-HA,9280,-540,4,358.6532897949,282.1875,t
TO5jBZFHuSSzK6p1NnXgJQ,9177,-543,4,358.4310302734,231.9375,t
TO5jBZFHuSSzK6p1NnXgJQ,8334,-457,4,358.4310302734,230.9107208252,t
GxlBBMmxjTeM5FZNLj7GxA,8265,-456,2,359.9326171875,239.9285736084,t
GxlBBMmxjTeM5FZNLj7GxA,9785,-525,2,359.9326171875,239.9285736084,t
CSlZQVPLS_IjasASmHm-SQ,9082,-548,2,0.0648564324,231.4910736084,t
CSlZQVPLS_IjasASmHm-SQ,10828,-452,2,0.0648564324,295.9910583496,t
gp_qMztZRvfzZ3kaiHSgjg,2345,-251,1,315.7719421387,67.765625,t
gp_qMztZRvfzZ3kaiHSgjg,2653,-244,1,315.7719421387,67.765625,t
gp_qMztZRvfzZ3kaiHSgjg,3835,-299,2,315.7719421387,108.078125,t
gp_qMztZRvfzZ3kaiHSgjg,4265,-349,2,315.7719421387,108.078125,t
gp_qMztZRvfzZ3kaiHSgjg,8620,-591,1,315.7719421387,229.59375,t
gp_qMztZRvfzZ3kaiHSgjg,11885,-407,2,315.7719421387,321.7410583496,t
A-eM226LYCgGNB1WLubj8Q,375,-693,4,315.6326904297,11.15625,t
A-eM226LYCgGNB1WLubj8Q,31,-414,4,315.6326904297,14.0133924484,t
XakKhOcQsbn8S3CsWNvPaw,902,-1065,1,306.2460327148,22.3169651031,t
ENwChk0mv975oT08FxdQGQ,8440,-990,4,161.3479614258,232.7366027832,t
D5Se4AuiyxHr2ht2CkjnBQ,9589,-1343,1,183.4651641846,251.6741027832,t
D5Se4AuiyxHr2ht2CkjnBQ,7456,-987,4,183.4651641846,213.2366027832,t
vab8Pdz_crutOLFqS9r9Ew,706,-446,1,54.6042785645,19.1272315979,t
vab8Pdz_crutOLFqS9r9Ew,1354,-585,4,54.6042785645,41.8504447937,t
vab8Pdz_crutOLFqS9r9Ew,2626,-798,1,54.6042785645,69.2723236084,t
vab8Pdz_crutOLFqS9r9Ew,3713,-924,1,54.6042785645,100.2544631958,t
vab8Pdz_crutOLFqS9r9Ew,8623,-400,1,54.6042785645,232.0245513916,t
vab8Pdz_crutOLFqS9r9Ew,8131,-447,2,54.6042785645,230.4241027832,t
7LNl50ku5osLMTIJOLVdGg,8662,-848,1,123.0086593628,244.6071472168,t
7LNl50ku5osLMTIJOLVdGg,9751,-755,1,123.0086593628,244.6071472168,t
7LNl50ku5osLMTIJOLVdGg,12077,-428,1,123.0086593628,334.25,t
7LNl50ku5osLMTIJOLVdGg,12790,-383,1,123.0086593628,334.25,t
7LNl50ku5osLMTIJOLVdGg,1730,-409,1,123.0086593628,43.0892868042,t
7LNl50ku5osLMTIJOLVdGg,1139,-362,1,123.0086593628,43.0892868042,t
7LNl50ku5osLMTIJOLVdGg,3657,-562,1,123.0086593628,103.1785736084,t
7LNl50ku5osLMTIJOLVdGg,4548,-711,1,123.0086593628,103.1785736084,t
fQsBRVcUJp8g86j0_mkRTg,11253,-408,6,0.5605601072,304.5178527832,t
fQsBRVcUJp8g86j0_mkRTg,9456,-604,6,0.5605601072,253.8928527832,t
pX8k1JNtPHn6ApSLt0WG-A,2943,-648,4,359.5624389648,93.2589263916,t
pX8k1JNtPHn6ApSLt0WG-A,9908,-598,4,359.5624389648,259.7767944336,t
0B9wIwkxqRH0Ji_LGefdug,10277,-501,4,358.3675537109,283.9441833496,t
30wSSwpQyfXG91DmzPtzXw,3472,-777,4,357.8899230957,81.1651763916,t
nH5UoZDHNq05VsGPU_Luuw,9667,-528,4,0.201177597,266.0848083496,t
fCtC9i0NHuXWaxJaKQCCnA,2825,-635,4,0.3111228347,77.78125,t
Hw0xWH4HqJTn2yhCpwNHoA,4012,-707,4,359.141418457,102.2455368042,t
wd5elmD8OEX2GhecoZ3TtA,2276,-539,4,0.0533490181,60.96875,t
rcIYDm-POXMqPkA8Wg5sWw,3173,-490,1,36.7595863342,79.5401763916,t
rcIYDm-POXMqPkA8Wg5sWw,11165,-1239,1,36.7595863342,291.9508972168,t
RgAYCVuHf6sd0iTrBNwUnQ,8488,-456,2,89.8312759399,218.4330291748,t
RgAYCVuHf6sd0iTrBNwUnQ,5628,-683,2,89.8312759399,142.6294708252,t
fuYW1uGYLzBBwmPI90m_aA,13222,-1079,1,299.9169921875,22,t
fuYW1uGYLzBBwmPI90m_aA,10573,-338,1,299.9169921875,303.625,t
fuYW1uGYLzBBwmPI90m_aA,10187,-299,1,299.9169921875,287.2857055664,t
fuYW1uGYLzBBwmPI90m_aA,8331,-260,1,299.9169921875,233.2299041748,t
fuYW1uGYLzBBwmPI90m_aA,8731,-247,1,299.9169921875,233.2299041748,t
fuYW1uGYLzBBwmPI90m_aA,6180,-445,1,299.9169921875,179.390625,t
fuYW1uGYLzBBwmPI90m_aA,6770,-388,1,299.9169921875,179.390625,t
7cwGTyrtV6yKUtHO6TmUew,10425,-663,2,180.8530883789,285.4910583496,t
7cwGTyrtV6yKUtHO6TmUew,10367,-513,7,180.8530883789,285.4910583496,t
7cwGTyrtV6yKUtHO6TmUew,12056,-797,2,180.8530883789,319.6875,t
7cwGTyrtV6yKUtHO6TmUew,1797,-671,2,180.8530883789,64.9553604126,t
7cwGTyrtV6yKUtHO6TmUew,7518,-532,2,180.8530883789,210.9375,t
F-b4qLFcdSOfTZ6fQIfk1Q,4320,-538,4,180.8893737793,128.2053527832,t
xqSBfoABGMynOhaT3pHAfw,3614,-483,4,179.1987762451,97.1986618042,t
xqSBfoABGMynOhaT3pHAfw,10046,-634,4,179.1987762451,272.078125,t
V-L9_vKYo_c8ftXiiIei2w,8795,-526,7,178.6692657471,242.6852722168,t
QNmy3RmTj5TLI0QI-f1akA,12651,-561,4,93.066116333,349.7767944336,t
7cwGTyrtV6yKUtHO6TmUew,2817,-584,1,180.8530883789,69.4196395874,t
7cwGTyrtV6yKUtHO6TmUew,4617,-453,2,180.8530883789,136.7410736084,t
7cwGTyrtV6yKUtHO6TmUew,8482,-567,2,180.8530883789,227.3660736084,t
dKpqih5ra1CpJjoidkcP2Q,7977,-538,4,180.2762298584,215.5825958252,t
QOj07LM2sJRztq0zpQgdiA,2011,-267,4,179.4252624512,55.375,t
nDi47xXKVTQ8Sv6vPhGllw,4229,-488,4,179.0063781738,115.0870513916,t
V-L9_vKYo_c8ftXiiIei2w,10958,-759,1,178.6692657471,295.7120666504,t
V-L9_vKYo_c8ftXiiIei2w,1621,-601,2,178.6692657471,52.1495552063,t
V-L9_vKYo_c8ftXiiIei2w,4951,-500,1,178.6692657471,130.8995513916,t
EhTLRzg6TtmIoY7RehxgpQ,5881,-742,4,87.8377151489,153.6964263916,t
7cwGTyrtV6yKUtHO6TmUew,5460,-483,2,180.8530883789,151.4732208252,t
7cwGTyrtV6yKUtHO6TmUew,8755,-461,7,180.8530883789,237.2767791748,t
F-b4qLFcdSOfTZ6fQIfk1Q,3910,-483,4,180.8893737793,119.6339263916,t
F-b4qLFcdSOfTZ6fQIfk1Q,4460,-420,4,180.8893737793,119.6339263916,t
F-b4qLFcdSOfTZ6fQIfk1Q,4094,-398,4,180.8893737793,119.6339263916,t
QOj07LM2sJRztq0zpQgdiA,4145,-501,4,179.4252624512,109.1540145874,t
9LEVZRCMnKr72YlnRxmw1g,4634,-440,4,179.0748138428,119.9107131958,t
xqSBfoABGMynOhaT3pHAfw,4020,-458,4,179.1987762451,101.6986618042,t
V-L9_vKYo_c8ftXiiIei2w,2872,-443,2,178.6692657471,65.0959854126,t
V-L9_vKYo_c8ftXiiIei2w,7924,-640,1,178.6692657471,208.9352722168,t
V-L9_vKYo_c8ftXiiIei2w,10494,-507,7,178.6692657471,289.5602722168,t
EhTLRzg6TtmIoY7RehxgpQ,701,-429,4,87.8377151489,19.7678565979,t
7p9kDD1V5eaKoDnMh3wsHQ,12032,-535,4,87.8017120361,315.1696472168,t
7p9kDD1V5eaKoDnMh3wsHQ,1297,-359,4,87.8017120361,39.7767868042,t
U_2W2VIqIhhaIJOesAhC4Q,11535,-564,1,40.6057739258,300.3928527832,t
U_2W2VIqIhhaIJOesAhC4Q,12017,-442,1,40.6057739258,324.8571472168,t
U_2W2VIqIhhaIJOesAhC4Q,4995,-861,1,40.6057739258,102.2678604126,t
k23kc7Xv1jMJPc8IpxoesQ,6373,-490,1,41.8880462646,165.8303527832,t
k23kc7Xv1jMJPc8IpxoesQ,2807,-388,1,41.8880462646,71.7678604126,t
k23kc7Xv1jMJPc8IpxoesQ,13077,-361,1,41.8880462646,349.21875,t
BoeFG0mOOkkuYiWjGLYqWQ,931,-676,4,313.1098632813,17.6584815979,t
gJLHJ-MwXyZ6Y081y2eysg,990,-1515,1,325.5856323242,29.2924098969,t
8msIgrNGXaXaRv_DcJc28A,2225,-1236,1,279.068939209,54.2299118042,t
KupZYyugFrMfdMb63NOztQ,12782,-740,1,194.9432525635,343.6941833496,t
KupZYyugFrMfdMb63NOztQ,4176,-462,1,194.9432525635,100.5691986084,t
gJLHJ-MwXyZ6Y081y2eysg,7865,-327,1,325.5856323242,215.7901763916,t
LxNn4x8zmjq1sbAA7j2P2A,3764,-869,3,89.514831543,86,t
7AeIKET-ztXR3BV68xpO9g,10413,-321,7,337.006439209,264.5625,t
7AeIKET-ztXR3BV68xpO9g,6554,-353,7,337.006439209,175.5,t
7AeIKET-ztXR3BV68xpO9g,2871,-1054,7,337.006439209,58.6875,t
tcwJq8UqJYDxR9gs34c6ow,3180,-882,7,311.6348266602,118.875,t
tcwJq8UqJYDxR9gs34c6ow,5997,-863,7,311.6348266602,118.875,t
6EUSX1keWxc1re7Wh1Z3ig,2866,-1173,7,297.3854064941,112.6875,t
6EUSX1keWxc1re7Wh1Z3ig,5832,-860,7,297.3854064941,112.6875,t
ZACnPLxi0HnfY6aC7604Pw,1351,-1326,7,262.8433227539,89.8125,t
ZACnPLxi0HnfY6aC7604Pw,5368,-767,7,262.8433227539,99.1875,t
xm4XlDYLovc9EWxES19FYA,5213,-525,7,242.0440063477,99.1875,t
xm4XlDYLovc9EWxES19FYA,297,-1310,7,242.0440063477,27.75,t
nFl2ybDzZbV4UYAJUHJbMg,12979,-1193,7,221.2405700684,36,t
nFl2ybDzZbV4UYAJUHJbMg,5438,-554,7,221.2405700684,135.1875,t
nFl2ybDzZbV4UYAJUHJbMg,3189,-606,7,221.2405700684,89.8125,t
ppJmEGp-burQmS4vGHv69A,12555,-1058,7,202.9697875977,24.5625,t
ppJmEGp-burQmS4vGHv69A,2634,-850,7,202.9697875977,24.5625,t
iQD3YoTQKChElwefUBmmrg,11477,-1217,7,192.1977539063,320.4375,t
iQD3YoTQKChElwefUBmmrg,4959,-804,7,192.1977539063,136.3125,t
4NRIBZLdJVhK8ajE3zOgwQ,3410,-1408,7,320.5416259766,78.75,t
4NRIBZLdJVhK8ajE3zOgwQ,10277,-527,7,320.5416259766,321.75,t
4NRIBZLdJVhK8ajE3zOgwQ,1101,-1390,7,320.5416259766,354.375,t
YQ4aVCxpRoV1Za4euuqLmA,11209,-672,7,338.4171447754,342,t
YQ4aVCxpRoV1Za4euuqLmA,835,-766,7,338.4171447754,342,t
mEN1-Ez3g5Yy0seyACvQ7g,11234,-505,7,347.8936157227,342,t
mEN1-Ez3g5Yy0seyACvQ7g,819,-674,7,347.8936157227,342,t
IaPwwDBNIeSqqi6G2dkAXA,11538,-602,7,351.455078125,344.625,t
IaPwwDBNIeSqqi6G2dkAXA,834,-801,7,351.455078125,344.625,t
3yRDWfaDK_DOV7HarVdOaw,390,-800,7,347.8213500977,341.0625,t
3yRDWfaDK_DOV7HarVdOaw,11455,-501,7,347.8213500977,341.0625,t
rLxOpRpm4sSA3_wKUltD8Q,11242,-523,7,352.1942443848,344.625,t
rLxOpRpm4sSA3_wKUltD8Q,762,-787,7,352.1942443848,344.625,t
_1Hs_YqR3A4JLq1mC4qxXQ,1734,-872,7,278.317199707,44.4375,t
HkQw09yBCWmpDtL4F7aENw,11621,-385,7,351.2128295898,342,t
IU9E1-juMKAcGBMpgWaa-g,545,-651,7,353.7339477539,344.625,t
IU9E1-juMKAcGBMpgWaa-g,11296,-432,7,353.7339477539,344.625,t
-eQqxPPAQoxk4Sc_EP-Iug,1233,-933,7,331.9063415527,358.125,t
MHOC8fNghJ1nAjK0Pggr8w,13053,-719,7,326.6585083008,321,t
9WmxbBygyaTYzlMl28Qwxg,10496,-490,7,326.3638000488,314.25,t
9WmxbBygyaTYzlMl28Qwxg,13016,-548,7,326.3638000488,314.25,t
HkQw09yBCWmpDtL4F7aENw,985,-757,7,351.2128295898,348.375,t
-eQqxPPAQoxk4Sc_EP-Iug,11234,-623,7,331.9063415527,334.875,t
MHOC8fNghJ1nAjK0Pggr8w,10862,-686,7,326.6585083008,321,t
_1Hs_YqR3A4JLq1mC4qxXQ,7085,-1135,7,278.317199707,199.3125,t
5f6UAV6KRhpRiUOg9Aw-qg,795,-463,1,90.0403747559,16.15625,t
5f6UAV6KRhpRiUOg9Aw-qg,9044,-490,1,90.0403747559,257.09375,t
5f6UAV6KRhpRiUOg9Aw-qg,11887,-267,1,90.0403747559,329.3236694336,t
S3DREANp0DnokEtZU-HcXw,3300,-891,4,358.9308776855,77.5580368042,t
S3DREANp0DnokEtZU-HcXw,9225,-806,4,358.9308776855,245.2276763916,t
BEa5noICZ6L9qUHmvRSpdA,3495,-855,3,359.0785827637,117.5044631958,t
ltua0w0nCbWEi8zYlzX5nQ,2981,-903,4,359.103729248,79.1116104126,t
ltua0w0nCbWEi8zYlzX5nQ,10476,-784,4,359.103729248,278.7544555664,t
-38EjtY4Fjf__Ia9vr19Wg,2946,-884,4,359.0894165039,82.6138381958,t
_ooQwlzQF_tLa6m_NydXoQ,8233,-715,3,359.1387634277,224.7611541748,t
_ooQwlzQF_tLa6m_NydXoQ,11048,-705,4,359.1387634277,294.6540222168,t
_DXSEcPlVZg1BcAcYExtmA,3991,-813,4,359.1725158691,118.2611618042,t
yoRjkqbEvGi3DLiMHpPlrQ,9950,-816,4,359.1589355469,281.2075805664,t
TIfamuruFLruNvHHEq-rKg,9357,-757,4,1.074718833,256.8236694336,t
TIfamuruFLruNvHHEq-rKg,2441,-870,4,1.074718833,65.2075881958,t
r2Oo5S8v2ritGCEjbC3fEA,4146,-951,4,1.6333676577,98.5558013916,t
yniMIVaOvbrF21Hv797hZw,3769,-1144,4,358.6744689941,109.546875,t
yniMIVaOvbrF21Hv797hZw,9259,-628,4,358.6744689941,260.0379333496,t
yniMIVaOvbrF21Hv797hZw,2593,-1093,4,358.6744689941,62.2254447937,t
9Ec-rByR7q90916QMnrZjw,10235,-669,4,357.5133056641,283.2232055664,t
9Ec-rByR7q90916QMnrZjw,3007,-1108,4,357.5133056641,91.5736618042,t
WejfbZ22qlq-VZJwreE5Fg,3746,-1018,4,356.3876037598,89.1361618042,t
nZMTzQsf8Yhsb8Dd9yBwHw,2104,-734,4,356.5064086914,58.7723197937,t
hzC3AhfMKcUpeJApBXCGSA,1591,-599,4,358.7557678223,46.9598197937,t
hzC3AhfMKcUpeJApBXCGSA,3541,-912,4,358.7557678223,95.4419631958,t
oAfObst8-OwFlUaV1Ca8kQ,2214,-952,4,4.4150643349,58.8214302063,t
WoQQ5Drr4c7oTYtoYoYUpQ,4388,-905,1,346.7501525879,116.0982131958,t
WoQQ5Drr4c7oTYtoYoYUpQ,10533,-643,1,346.7501525879,290.4732055664,t
4EkzT5gKBxFPyqgJujmPiA,9067,-360,4,164.673614502,244.7678527832,t
N7XP_itKYSRPtDObOgrBVg,7600,-1483,1,140.0160522461,210.1205291748,t
N7XP_itKYSRPtDObOgrBVg,10357,-894,1,140.0160522461,279.8973083496,t
_FYg_SosgQnGpdZWIzZOLQ,12584,-1004,1,269.5877075195,337.5669555664,t
_FYg_SosgQnGpdZWIzZOLQ,190,-604,1,269.5877075195,357.2098083496,t
YS0gS3Qqp5NBFcTwQhizVA,923,-597,1,269.4592895508,30.46875,t
YS0gS3Qqp5NBFcTwQhizVA,2475,-537,1,269.4592895508,65.484375,t
YS0gS3Qqp5NBFcTwQhizVA,4781,-217,1,269.4592895508,127.6875,t
_FYg_SosgQnGpdZWIzZOLQ,6865,-429,7,269.5877075195,180.4732208252,t
2LC_s3bKjk23akaMjIg-sw,11577,-480,4,269.4407043457,317.6160583496,t
2LC_s3bKjk23akaMjIg-sw,7126,-389,7,269.4407043457,203.0625,t
FV6DlRKb1i3BAmMTgyOe7g,12931,-661,4,269.3599243164,352.6049194336,t
Rnyo_eVNmfyIVbpd8DQUhQ,1530,-541,4,269.2017211914,44.2566947937,t
Rnyo_eVNmfyIVbpd8DQUhQ,6577,-359,7,269.2017211914,172.203125,t
3vQZ-VOzsgCHbb5qkkN77A,12771,-660,4,269.3970947266,346.1830444336,t
3vQZ-VOzsgCHbb5qkkN77A,6644,-347,7,269.3970947266,176.9241027832,t
FJXZlhq1mrA_YcRtffgemA,147,-645,4,269.3025512695,3.7433035374,t
iDKCCt7fhqQXifF0I9vdPw,12263,-600,4,269.27734375,334.7098083496,t
AqwNzjEXzE0LhxIln801Gg,813,-650,2,269.408996582,24.53125,t
AqwNzjEXzE0LhxIln801Gg,12197,-660,2,269.408996582,318.4598083496,t
AqwNzjEXzE0LhxIln801Gg,6652,-385,7,269.408996582,181.5848236084,t
AqwNzjEXzE0LhxIln801Gg,973,-498,4,269.408996582,23.194196701,t
h23DpudAUQLh6JtsZcPseg,2514,-770,4,355.7403259277,73.2879486084,t
dKC7lxGxB8MNWKOrDOpZsQ,10448,-1005,4,3.9099404812,299.7165222168,t
Qw2oaODrL9gZo1F6ycUK2Q,9433,-769,2,21.6604576111,274.5915222168,t
RzaKd9b0PafelNebCgkueQ,5745,-581,4,89.9511032104,162.6897277832,t
gQLG7ilc3tJynqZBXb_gpQ,769,-590,4,315.3668212891,19.0915184021,t
h23DpudAUQLh6JtsZcPseg,9554,-956,4,355.7403259277,262.0379333496,t
TrU4DYp3l-VZwSqYcDGq3A,11616,-893,4,359.8168029785,297.1629333496,t
dKC7lxGxB8MNWKOrDOpZsQ,2356,-699,4,3.9099404812,50.4486618042,t
tMFdyUdtKduVYsbRA-fFIw,9785,-735,2,350.7145996094,268.5915222168,t
4q6KSwWJjSZLUHCYQ-wuhw,13091,-515,2,40.0184288025,358.7165222168,t
4q6KSwWJjSZLUHCYQ-wuhw,5898,-836,4,40.0184288025,131.4933013916,t
h23DpudAUQLh6JtsZcPseg,11091,-857,4,355.7403259277,301.234375,t
tNH4DUVFBqPJQzeTB_TYrw,2431,-747,4,359.6131591797,73.2879486084,t
tMFdyUdtKduVYsbRA-fFIw,10306,-870,2,350.7145996094,268.5915222168,t
4q6KSwWJjSZLUHCYQ-wuhw,94,-628,2,40.0184288025,358.7165222168,t
RzaKd9b0PafelNebCgkueQ,5072,-447,3,89.9511032104,137.8683013916,t
h23DpudAUQLh6JtsZcPseg,12185,-514,4,355.7403259277,316.9486694336,t
LmXl_0zdMQ1H4d6F3E4OsQ,3563,-733,4,0.4926224947,102.9129486084,t
Qw2oaODrL9gZo1F6ycUK2Q,5241,-1069,4,21.6604576111,115.2165145874,t
Qw2oaODrL9gZo1F6ycUK2Q,2847,-1382,2,21.6604576111,112.2165145874,t
TrU4DYp3l-VZwSqYcDGq3A,4387,-695,4,359.8168029785,126.1629486084,t
yQZTHOdhIMTSodZfDgxSSA,9795,-1137,4,1.0327982903,276.234375,t
Qw2oaODrL9gZo1F6ycUK2Q,5400,-1679,2,21.6604576111,112.2165145874,t
LmXl_0zdMQ1H4d6F3E4OsQ,10268,-1128,4,0.4926224947,277.6629333496,t
6_ls3eHi82wE2Qaru535tQ,2883,-650,4,1.1296113729,76.984375,t
Qw2oaODrL9gZo1F6ycUK2Q,10039,-664,2,21.6604576111,274.5915222168,t
mGT34sB3X3hnUKeO9aHUkg,7904,-624,4,97.8313293457,212.234375,t
mGT34sB3X3hnUKeO9aHUkg,6495,-742,4,97.8313293457,173.421875,t
sOAgbWeCMP-MX3AIZgLnuQ,7506,-1245,1,86.827911377,197.9866027832,t
sOAgbWeCMP-MX3AIZgLnuQ,12067,-658,1,86.827911377,326.1026916504,t
sOAgbWeCMP-MX3AIZgLnuQ,12025,-521,4,86.827911377,326.1026916504,t
cEoTpHQla65lPtOAt9dofQ,4017,-338,1,87.8911132813,103.8459854126,t
cEoTpHQla65lPtOAt9dofQ,2367,-408,1,87.8911132813,67.0959854126,t
Wo48_aT9oB8iT_kLiRKPyw,6691,-177,7,229.7269439697,188.875,t
Wo48_aT9oB8iT_kLiRKPyw,6952,-436,7,229.7269439697,188.875,t
Wo48_aT9oB8iT_kLiRKPyw,8334,-307,7,229.7269439697,188.875,t
Wo48_aT9oB8iT_kLiRKPyw,10478,-384,7,229.7269439697,299.875,t
Wo48_aT9oB8iT_kLiRKPyw,11909,-1516,7,229.7269439697,322.375,t
Wo48_aT9oB8iT_kLiRKPyw,13291,-1407,7,229.7269439697,352.3928527832,t
Wo48_aT9oB8iT_kLiRKPyw,13244,-296,3,229.7269439697,1.5915178061,t
Wo48_aT9oB8iT_kLiRKPyw,1038,-389,7,229.7269439697,53.5334815979,t
Wo48_aT9oB8iT_kLiRKPyw,2675,-555,7,229.7269439697,66.0959854126,t
Dumcp-LNnzpJtoKjiYO--g,6637,-181,7,296.8247070313,150.2834777832,t
Dumcp-LNnzpJtoKjiYO--g,6147,-457,7,296.8247070313,150.2834777832,t
Dumcp-LNnzpJtoKjiYO--g,5144,-492,7,296.8247070313,137.9084777832,t
-8dKzInaNVb6QlLiQ1RgaQ,5904,-720,7,267.1842651367,142.5959777832,t
-8dKzInaNVb6QlLiQ1RgaQ,985,-1046,7,267.1842651367,23.3459815979,t
Oi_zUQ0eZyIIJuWFQsF0uQ,6248,-635,7,268.6011047363,157.2209777832,t
Oi_zUQ0eZyIIJuWFQsF0uQ,387,-1144,7,268.6011047363,8.7209825516,t
9xojTQVycpKDTXyqwQjwOg,1862,-796,7,267.6000366211,31.0334815979,t
9xojTQVycpKDTXyqwQjwOg,5164,-459,7,267.6000366211,144.9888458252,t
adncGCyUWm5LJlS4P-o8mA,6363,-361,1,159.7042388916,179.8638458252,t
adncGCyUWm5LJlS4P-o8mA,8231,-715,1,159.7042388916,217.3638458252,t
adncGCyUWm5LJlS4P-o8mA,11608,-382,1,159.7042388916,308.5245666504,t
adncGCyUWm5LJlS4P-o8mA,12210,-301,1,159.7042388916,329.2388305664,t
adncGCyUWm5LJlS4P-o8mA,1142,-281,1,159.7042388916,33.2857131958,t
adncGCyUWm5LJlS4P-o8mA,4717,-224,1,159.7042388916,120.6629486084,t
hUUscaZ-w_jChOoQnHFO-A,8899,-1099,4,161.3454284668,235.0290222168,t
HAwlDx92WFI47DXGapbP0g,9044,-1021,1,163.4839630127,245.6428527832,t
RTqEVv23UM3L4U50JyR4dg,10338,-885,1,163.4174957275,304.3303527832,t
dmPfpgMh_hvxr-USb_Wemg,8481,-917,1,161.7815704346,218.2678527832,t
dmPfpgMh_hvxr-USb_Wemg,11596,-505,1,161.7815704346,308.4553527832,t
xH_1fDXe4FXo-Q9QP8UZ-A,8732,-913,1,161.3240203857,226.9107208252,t
xH_1fDXe4FXo-Q9QP8UZ-A,11651,-490,1,161.3240203857,279.5982055664,t
4hG3lFtq1TUcNVnOA5L08Q,11740,-890,1,161.4428863525,326.6607055664,t
4hG3lFtq1TUcNVnOA5L08Q,1656,-469,1,161.4428863525,79.9107131958,t
Kdy17T0hvCa_9qpAJYHLjg,8040,-1205,3,161.3679199219,219.4107208252,t
Kdy17T0hvCa_9qpAJYHLjg,7149,-817,3,161.3679199219,221.0982208252,t
JKl0dvQHWiZfxdx-kVcp_w,8750,-1113,4,161.4231262207,240.4107208252,t
mvnYjPHH3a6FMcYDtTSqdQ,8783,-821,1,159.5359191895,218.6361541748,t
mvnYjPHH3a6FMcYDtTSqdQ,7618,-464,1,159.5359191895,220.3236541748,t
LJKMolMCK94y0JY9-dioXg,8338,-1536,1,159.7667388916,225.1986541748,t
LJKMolMCK94y0JY9-dioXg,3809,-330,1,159.7667388916,89.9486618042,t
AMPSfk0QCyATAu68K5up6w,9535,-872,1,159.9211578369,267.7433166504,t
ExF0KDgouOiG3OvNCeLinw,11859,-624,1,160.2308654785,312.421875,t
ExF0KDgouOiG3OvNCeLinw,10554,-756,1,160.2308654785,312.421875,t
Vyy9fUxkiJSxcJElurKAHA,1150,-380,1,88.5671768188,19.2053565979,t
Vyy9fUxkiJSxcJElurKAHA,4527,-549,1,88.5671768188,116.0200881958,t
Vyy9fUxkiJSxcJElurKAHA,5864,-498,1,88.5671768188,165.2366027832,t
Vyy9fUxkiJSxcJElurKAHA,7513,-542,1,88.5671768188,199.9709777832,t
-8MJ6lbwwx0JSFY0NhXXYQ,1153,-714,1,348.0852355957,24.4508934021,t
xv_HS_Q-YPWBBDxi4UI1Kw,7393,-868,1,347.6722106934,204.125,t
xv_HS_Q-YPWBBDxi4UI1Kw,3616,-556,4,347.6722106934,99.1607131958,t
H__cSTPL3vwTZxaqRk8Rjg,2749,-518,4,347.2065124512,78.203125,t
CPSqT7H0cQ1PpUs3PRt0kQ,2407,-629,4,347.6674194336,58.2276802063,t
q5fCC1bQp9rWAqsK2INudg,2202,-511,4,347.6725158691,60.8013381958,t
anIS02XmyukEotcpAwEHDQ,2712,-517,4,348.1318359375,77.5758895874,t
9Ix3kQsLG9Jiebfr8jHcNw,1527,-385,4,347.8092041016,44.9977684021,t
9Ix3kQsLG9Jiebfr8jHcNw,3654,-548,4,347.8092041016,94.5915145874,t
7pAKLNVqnYe2fza3JQHArQ,1670,-442,4,348.0112609863,38.6227684021,t
agxdwoZN6DoQo4FzgpNENA,1733,-467,1,348.2788085938,45.6986618042,t
S5yCoESMKls_iaNsCbT9kw,2102,-504,4,348.3453979492,50.4352684021,t
agxdwoZN6DoQo4FzgpNENA,3675,-492,1,348.2788085938,109.6272354126,t
agxdwoZN6DoQo4FzgpNENA,11100,-451,1,348.2788085938,285.6696472168,t
agxdwoZN6DoQo4FzgpNENA,295,-389,1,348.2788085938,0.8482142687,t
agxdwoZN6DoQo4FzgpNENA,12280,-418,1,348.2788085938,334.5982055664,t
agxdwoZN6DoQo4FzgpNENA,9005,-573,1,348.2788085938,256.2946472168,t
yfHlZtI49FOPmIouR0BBKQ,13182,-477,1,37.1094589233,13.5,t
yfHlZtI49FOPmIouR0BBKQ,5849,-564,1,37.1094589233,146.8125,t
yfHlZtI49FOPmIouR0BBKQ,3182,-544,1,37.1094589233,81.0089263916,t
FtVutmNrUKipYvd8o9vcaw,2915,-385,3,37.3708305359,85.0022354126,t
7ujsI1IaeN3Z-zrg4HUQHw,5447,-513,4,37.4905929565,148.46875,t
_HyIkEBqKhagZeQJ1NO17w,4506,-482,4,37.3843421936,121.75,t
_qJ3EVMeORd6NuQeb2yDCg,13207,-935,1,219.0828857422,2.9352679253,t
_qJ3EVMeORd6NuQeb2yDCg,3503,-646,1,219.0828857422,86.953125,t
lO6AMvS9-cBy5JuBM4SMEw,3486,-351,4,218.2282562256,92.1272354126,t
mukPZ-bau9UuVoY6IaLpDA,5223,-465,4,218.4590301514,146.3616027832,t
tHaeiW4iQaaeTM4gFFqLKw,2223,-207,3,37.0444564819,61.5625,t
wLqtOvq4KZVoLhbwJc-nQg,4991,-514,4,36.9602851868,139.65625,t
wLqtOvq4KZVoLhbwJc-nQg,5469,-498,4,36.9602851868,139.65625,t
SzUNzkpyoigCgXD0knFj7Q,5288,-518,4,36.9864883423,137.171875,t
SzUNzkpyoigCgXD0knFj7Q,4751,-539,4,36.9864883423,137.171875,t
fVFuNAzqNmIHqy4oQ03p6w,4860,-532,4,37.0473976135,137.6875,t
xjFbY9o7maOIw6WWqGPb3g,4835,-561,4,36.9877204895,126.90625,t
mHv9y7Xu5K3QmqG7Lqz2xg,5126,-497,4,37.7576065063,133.796875,t
T4qW76s-3MCGQfsXJ0G7AA,2201,-179,3,37.544921875,53.734375,t
vcGWlkP-lNLD08uqjpbHeA,2490,-531,1,37.3658981323,73.796875,t
vcGWlkP-lNLD08uqjpbHeA,12980,-484,1,37.3658981323,349.5625,t
xpZ2jSxOwSAYpXehsVX4EQ,5102,-537,4,37.6451339722,131.734375,t
brmET-k8-7Wc7c6EpWEc1w,4967,-528,4,32.8443489075,127.1875,t
bddiBALUyj6NRhXGsEQcJw,2492,-653,1,29.0032310486,67.65625,t
bddiBALUyj6NRhXGsEQcJw,12587,-494,1,29.0032310486,344.640625,t
EGjOEPbmBgQ1rEtbn1zR_w,2175,-233,4,28.8982887268,57.953125,t
egs0boHfzPW0LGszSF5jQw,4260,-538,4,29.0639572144,114.859375,t
_toUcMzlCS0kj9I1bTe1Ew,4871,-685,1,208.1081542969,131.40625,t
_toUcMzlCS0kj9I1bTe1Ew,9658,-1296,1,208.1081542969,266.2276916504,t
4E8vBT2ldZh2LcJo-LcAlg,4280,-453,4,208.62159729,111.9151763916,t
kXBwpQwSaSH3F7fF2oZFcQ,5138,-529,4,49.3082122803,135.2522277832,t
6chqaEJxkjf-TZt9J0pAng,2947,-458,1,52.6034164429,80.6897354126,t
6chqaEJxkjf-TZt9J0pAng,711,-367,1,52.6034164429,25.5625,t
6chqaEJxkjf-TZt9J0pAng,5386,-495,4,52.6034164429,148.7723236084,t
u0sLvrwa6G15VhTaZBGzGA,3893,-390,4,52.655872345,103.1160736084,t
gtZURGpFLF06wq2toy_gBg,3533,-318,3,52.7314491272,93.9285736084,t
4CjBXVT4iCCWfww_hb5Lhw,5267,-490,4,53.5800209045,149.1473236084,t
jDTq2BDJPpkz_-6i-k__cA,3373,-460,1,62.0120544434,86.1941986084,t
dBThEy4NAUekmhMfPRK0DQ,162,-426,1,63.1807594299,9.600446701,t
3NCbFOAsTaiCFw19YXDO9A,7317,-393,4,69.7252044678,198.8816986084,t
Et9Zm3Esp8JS9UByHyDGww,9946,-432,4,148.5098724365,269.9575805664,t
Et9Zm3Esp8JS9UByHyDGww,9073,-507,4,148.5098724365,240.9419708252,t
7wNqOVKuDt4h6sFedMXJKg,8254,-482,4,160.1220550537,214.8573150635,t
uj5JioLmsHq0HYFYdc2RDA,8912,-661,4,161.6576690674,228.4287414551,t
uj5JioLmsHq0HYFYdc2RDA,8476,-620,1,161.6576690674,216.8215942383,t
Vpv8nU0VhkZ2EzOref_OIQ,8409,-644,1,161.9842529297,221.3840942383,t
Vpv8nU0VhkZ2EzOref_OIQ,2809,-557,1,161.9842529297,79.5983810425,t
b_oAXeqgQXNskG-vg5PiVQ,5133,-190,3,145.6758728027,132.8035736084,t
b_oAXeqgQXNskG-vg5PiVQ,1845,-796,2,145.6758728027,46.5535697937,t
b_oAXeqgQXNskG-vg5PiVQ,11030,-285,1,145.6758728027,307.9375,t
b_oAXeqgQXNskG-vg5PiVQ,11176,-255,3,145.6758728027,307.9375,t
b_oAXeqgQXNskG-vg5PiVQ,11605,-275,1,145.6758728027,316.28125,t
b_oAXeqgQXNskG-vg5PiVQ,12969,-261,1,145.6758728027,348.671875,t
2BcncBnwUvviwVbBqMVaVQ,6991,-554,2,239.9894714355,198.203125,t
xscW1Uom1Upky-QGqHrwhw,699,-880,1,140.6083831787,21.6674098969,t
cWkEELkuM3T425NJSEiYIw,7667,-526,1,203.001373291,198.9285736084,t
b_oAXeqgQXNskG-vg5PiVQ,11607,-248,3,145.6758728027,316.28125,t
vBRjYSo2WAiZh0hTbiK3wQ,5804,-1366,1,240.034866333,169.515625,t
vBRjYSo2WAiZh0hTbiK3wQ,7608,-390,2,240.034866333,200.640625,t
2BcncBnwUvviwVbBqMVaVQ,4956,-703,2,239.9894714355,144.578125,t
2BcncBnwUvviwVbBqMVaVQ,7982,-542,1,239.9894714355,198.203125,t
xscW1Uom1Upky-QGqHrwhw,3782,-456,3,140.6083831787,110.7299118042,t
4Czt4q0BsHpIvLTRccKRuQ,3444,-274,1,147.6811676025,124,t
4Czt4q0BsHpIvLTRccKRuQ,9342,-645,1,147.6811676025,267.8125,t
23DMSvp74A0XwLTNhFx5cg,10494,-714,3,236.5703430176,266.3125,t
b_oAXeqgQXNskG-vg5PiVQ,57,-265,2,145.6758728027,2.828125,t
2BcncBnwUvviwVbBqMVaVQ,10292,-286,1,239.9894714355,283.078125,t
2BcncBnwUvviwVbBqMVaVQ,12928,-369,1,239.9894714355,344.0602722168,t
2BcncBnwUvviwVbBqMVaVQ,3584,-863,1,239.9894714355,91.0245513916,t
2BcncBnwUvviwVbBqMVaVQ,282,-392,2,239.9894714355,2.5424106121,t
xscW1Uom1Upky-QGqHrwhw,10622,-1279,1,140.6083831787,271.9799194336,t
DpXwPZS48Y2F_bSP59f5MA,5960,-132,2,142.8726654053,157.3236541748,t
4Czt4q0BsHpIvLTRccKRuQ,7080,-439,1,147.6811676025,190,t
4Czt4q0BsHpIvLTRccKRuQ,3835,-305,1,147.6811676025,124,t
4Czt4q0BsHpIvLTRccKRuQ,1715,-301,1,147.6811676025,40.75,t
4Czt4q0BsHpIvLTRccKRuQ,1028,-393,1,147.6811676025,37.375,t
4Czt4q0BsHpIvLTRccKRuQ,934,-300,3,147.6811676025,37.375,t
4Czt4q0BsHpIvLTRccKRuQ,1231,-325,3,147.6811676025,37.375,t
4Czt4q0BsHpIvLTRccKRuQ,9507,-417,3,147.6811676025,260.125,t
4Czt4q0BsHpIvLTRccKRuQ,10755,-443,3,147.6811676025,260.125,t
cWkEELkuM3T425NJSEiYIw,711,-271,3,203.001373291,12.2321424484,t
cWkEELkuM3T425NJSEiYIw,780,-443,1,203.001373291,12.2321424484,t
cWkEELkuM3T425NJSEiYIw,10395,-410,1,203.001373291,273.3035583496,t
cWkEELkuM3T425NJSEiYIw,9522,-390,2,203.001373291,249.2857208252,t
2BcncBnwUvviwVbBqMVaVQ,10967,-313,1,239.9894714355,288.3459777832,t
MdrWtcqInOYOyuDsLSCtQg,13211,-387,3,141.6162719727,7.4174108505,t
xscW1Uom1Upky-QGqHrwhw,7557,-872,3,140.6083831787,192.1049041748,t
4Czt4q0BsHpIvLTRccKRuQ,6407,-420,1,147.6811676025,190,t
4Czt4q0BsHpIvLTRccKRuQ,10139,-807,1,147.6811676025,267.8125,t
cWkEELkuM3T425NJSEiYIw,3632,-534,1,203.001373291,90.625,t
cWkEELkuM3T425NJSEiYIw,8178,-446,2,203.001373291,218.8392791748,t
0o5UD2lV47rsCz1NNl2_WQ,8051,-842,2,184.1590576172,243,t
0o5UD2lV47rsCz1NNl2_WQ,9333,-744,2,184.1590576172,243,t
0o5UD2lV47rsCz1NNl2_WQ,11977,-504,2,184.1590576172,321.75,t
0o5UD2lV47rsCz1NNl2_WQ,12803,-418,2,184.1590576172,321.75,t
0o5UD2lV47rsCz1NNl2_WQ,1103,-395,2,184.1590576172,36,t
0o5UD2lV47rsCz1NNl2_WQ,1133,-355,4,184.1590576172,33.2120552063,t
0o5UD2lV47rsCz1NNl2_WQ,1321,-291,4,184.1590576172,33.2120552063,t
0o5UD2lV47rsCz1NNl2_WQ,1856,-406,2,184.1590576172,42.4084815979,t
0o5UD2lV47rsCz1NNl2_WQ,4117,-406,4,184.1590576172,119.4620513916,t
0o5UD2lV47rsCz1NNl2_WQ,3689,-550,2,184.1590576172,119.4620513916,t
0o5UD2lV47rsCz1NNl2_WQ,4665,-695,2,184.1590576172,119.4620513916,t
R6cNkGxKbE8lgfRyF-Gweg,1176,-463,4,269.4199829102,32.2745552063,t
R6cNkGxKbE8lgfRyF-Gweg,2080,-398,4,269.4199829102,52.1852684021,t
R6cNkGxKbE8lgfRyF-Gweg,2279,-354,4,269.4199829102,63.9642868042,t
oqP7byVfpym5eotQ9U4fdA,456,-505,4,269.2772216797,12.2678575516,t
oqP7byVfpym5eotQ9U4fdA,1159,-488,4,269.2772216797,28.071428299,t
oqP7byVfpym5eotQ9U4fdA,1662,-444,4,269.2772216797,49.2321434021,t
oqP7byVfpym5eotQ9U4fdA,2266,-330,4,269.2772216797,59.6941947937,t
oqP7byVfpym5eotQ9U4fdA,1809,-379,4,269.2772216797,49.8973197937,t
oqP7byVfpym5eotQ9U4fdA,2419,-262,4,269.2772216797,66.3035736084,t
oqP7byVfpym5eotQ9U4fdA,7298,-569,4,269.2772216797,212.5535736084,t
oqP7byVfpym5eotQ9U4fdA,7709,-477,4,269.2772216797,216.125,t
oqP7byVfpym5eotQ9U4fdA,6321,-576,4,269.2772216797,174.25,t
oqP7byVfpym5eotQ9U4fdA,4741,-478,4,269.2772216797,130.9464263916,t
aRutmcv8nbLAJDyi35hv0g,11127,-161,4,268.9374694824,298.4464416504,t
YYphuyoJuOKXQ5SKeDNLZw,7719,-491,2,237.7630615234,202.4330291748,t
YYphuyoJuOKXQ5SKeDNLZw,7014,-421,2,237.7630615234,197.1651763916,t
YYphuyoJuOKXQ5SKeDNLZw,11378,-668,4,237.7630615234,316.0044555664,t
YYphuyoJuOKXQ5SKeDNLZw,12642,-982,4,237.7630615234,342.96875,t
YYphuyoJuOKXQ5SKeDNLZw,11424,-980,4,237.7630615234,297.1741027832,t
YYphuyoJuOKXQ5SKeDNLZw,10465,-1160,2,237.7630615234,304.2991027832,t
YYphuyoJuOKXQ5SKeDNLZw,13030,-1117,2,237.7630615234,355.2991027832,t
YYphuyoJuOKXQ5SKeDNLZw,2532,-548,1,237.7630615234,77.6116104126,t
UZjs2sGmj-t3rzopTZ9yEg,3999,-771,1,125.7122650146,117.9241104126,t
UZjs2sGmj-t3rzopTZ9yEg,8221,-847,2,125.7122650146,235.1116027832,t
UZjs2sGmj-t3rzopTZ9yEg,9601,-734,2,125.7122650146,235.1116027832,t
UZjs2sGmj-t3rzopTZ9yEg,12116,-434,2,125.7122650146,344.4241027832,t
r-ifWOBc4bCUDE_g_aLGiA,2498,-1020,1,277.3586425781,88.8616104126,t
SFmz-YEp3vbrMEuNhh206A,10438,-453,3,8.9587783813,281.7991027832,t
SFmz-YEp3vbrMEuNhh206A,9461,-423,3,8.9587783813,276.3616027832,t
PfUfvQBPMDtsbtpoPlTBpw,9386,-560,4,8.4122285843,252.6428527832,t
PfUfvQBPMDtsbtpoPlTBpw,4278,-584,4,8.4122285843,117.4620513916,t
dXGN2UENaBveqNuIOj6U-g,4389,-682,4,8.6049575806,131.4174041748,t
PfUfvQBPMDtsbtpoPlTBpw,10529,-503,4,8.4122285843,297.0424194336,t
xknXWuoxVvX58NGN6sJ2vQ,3436,-448,2,332.0778503418,98.3727645874,t
Fj5zjc-3Dng5_-u3HTKknw,4206,-574,4,8.8202171326,124.9620513916,t
PfUfvQBPMDtsbtpoPlTBpw,10994,-481,4,8.4122285843,297.0424194336,t
xknXWuoxVvX58NGN6sJ2vQ,1647,-291,2,332.0778503418,52.8102684021,t
xknXWuoxVvX58NGN6sJ2vQ,2151,-304,2,332.0778503418,52.8102684021,t
Fj5zjc-3Dng5_-u3HTKknw,10947,-472,4,8.8202171326,285.7924194336,t
PfUfvQBPMDtsbtpoPlTBpw,11364,-454,4,8.4122285843,318.4709777832,t
z4lRhgXvJVvaXTHh8PRzUQ,9355,-557,4,12.2586336136,239.8995513916,t
z4lRhgXvJVvaXTHh8PRzUQ,8766,-467,4,12.2586336136,239.8995513916,t
z4lRhgXvJVvaXTHh8PRzUQ,8503,-392,4,12.2586336136,231.7745513916,t
z4lRhgXvJVvaXTHh8PRzUQ,8348,-335,3,12.2586336136,231.7745513916,t
-l_SMO9qk72OJ8wCuOsxPQ,9254,-616,4,7.5816221237,262.3102722168,t
xknXWuoxVvX58NGN6sJ2vQ,9627,-1243,1,332.0778503418,268.3727722168,t
xknXWuoxVvX58NGN6sJ2vQ,12823,-434,2,332.0778503418,353.4977722168,t
xknXWuoxVvX58NGN6sJ2vQ,361,-326,2,332.0778503418,353.4977722168,t
xknXWuoxVvX58NGN6sJ2vQ,4324,-726,2,332.0778503418,98.3727645874,t
xknXWuoxVvX58NGN6sJ2vQ,9667,-549,4,332.0778503418,257.9352722168,t
IT2dfDwuT3ILynWGk5l2mQ,6969,-466,2,235.1032714844,180.1941986084,t
eJWBubttfOJG-bGhZ7OiFg,10364,-1918,2,211.0866546631,258.5691833496,t
eJWBubttfOJG-bGhZ7OiFg,7372,-353,2,211.0866546631,200.0691986084,t
ckXfbycjdecRQmMnE1G8cA,12174,-872,7,188.1387481689,5.7120537758,t
ckXfbycjdecRQmMnE1G8cA,1182,-644,7,188.1387481689,5.7120537758,t
VsdgxBzJualEsvEhGPKPrA,12725,-619,7,182.5820465088,5.7120537758,t
VsdgxBzJualEsvEhGPKPrA,1301,-579,7,182.5820465088,5.7120537758,t
367uBevExXRoz3CPtmqzEA,13080,-641,7,187.2425994873,12.837053299,t
367uBevExXRoz3CPtmqzEA,1491,-470,7,187.2425994873,12.837053299,t
bcuP-LVo-U5oGIkdp2rLrQ,13116,-606,7,191.1467437744,12.837053299,t
bcuP-LVo-U5oGIkdp2rLrQ,1435,-444,7,191.1467437744,12.837053299,t
ovKk5n-Bafyf34X7Tbasig,12726,-542,7,194.597946167,1.9620535374,t
ovKk5n-Bafyf34X7Tbasig,1005,-411,7,194.597946167,1.9620535374,t
65jRt3IyKrnvKeYd7qSLWA,12478,-606,7,186.3114318848,357.6495666504,t
65jRt3IyKrnvKeYd7qSLWA,967,-465,7,186.3114318848,357.6495666504,t
yCsb61Io4j7ig6mm5Brk5A,12801,-569,7,188.2896728516,357.6495666504,t
yCsb61Io4j7ig6mm5Brk5A,1017,-505,7,188.2896728516,357.6495666504,t
g6cTpIfbA-qKF_G47VrhMg,12625,-642,7,184.3262176514,357.8370666504,t
g6cTpIfbA-qKF_G47VrhMg,963,-424,7,184.3262176514,357.8370666504,t
X7LX8JzuPk8UUcJEBIBLTg,12584,-560,7,187.1856536865,357.8370666504,t
X7LX8JzuPk8UUcJEBIBLTg,1156,-478,7,187.1856536865,20.712053299,t
iMOR9RHFYxuSPzFRxgh-dQ,12779,-484,7,188.2527008057,20.712053299,t
iMOR9RHFYxuSPzFRxgh-dQ,1200,-436,7,188.2527008057,20.712053299,t
O1Udng6IlZvk9W9QMlDtcg,1390,-702,7,187.2151794434,13.212053299,t
O1Udng6IlZvk9W9QMlDtcg,12602,-570,1,187.2151794434,348.8370666504,t
Anx8hI7TeJ72umn3bqGF8w,8844,-1090,1,207.4945983887,245.3370513916,t
Anx8hI7TeJ72umn3bqGF8w,7491,-268,6,207.4945983887,198.2745513916,t
FBkGh38zZYhyGUUJPnpZcQ,7415,-398,1,220.078918457,199.2566986084,t
FBkGh38zZYhyGUUJPnpZcQ,12559,-1804,1,220.078918457,336.0424194336,t
LDyBRS73hdxsIKmDcx-6kg,1931,-826,7,191.7937469482,19.7299098969,t
OMCLQmxQpHbWDt4QA63_4g,1431,-638,7,190.4976348877,19.7299098969,t
zRHDhp7wnoI1pd88_rY0nw,1166,-567,7,188.2266387939,9.6138391495,t
n_GAk_uqNgAq6qYQlpHeMg,1385,-644,7,186.2661437988,19.9263401031,t
0RMXHOHF31sD6SH5JvFtUQ,1120,-562,7,187.2420043945,348.9888305664,t
M_cWa_EG-m2yHlfP_OyYwA,942,-475,7,188.282699585,348.8013305664,t
gCgYEJwBTA2troflF2dqPA,1115,-671,7,188.3013153076,348.8013305664,t
dd2exQVRvH26Z-U9btR-tQ,3327,-1591,1,206.8332519531,105.0513381958,t
dd2exQVRvH26Z-U9btR-tQ,10640,-725,2,206.8332519531,277.5513305664,t
dd2exQVRvH26Z-U9btR-tQ,11660,-374,4,206.8332519531,315.1227722168,t
mOajlR8UEKlYdl9mG6FTuw,1179,-494,1,165.298614502,21.8727684021,t
mOajlR8UEKlYdl9mG6FTuw,5906,-617,1,165.298614502,157.8102722168,t
mOajlR8UEKlYdl9mG6FTuw,8491,-663,2,165.298614502,212.9352722168,t
mOajlR8UEKlYdl9mG6FTuw,12629,-489,2,165.298614502,1.8102678061,t
04-qAlR0TstJSucelBtfQA,1995,-342,7,188.6599273682,21.6852684021,t
QleGS_DWou9lxMCVqcbdGw,2118,-409,7,195.4699707031,29.5513401031,t
HbBDapzQYbikblXDs6m83Q,2218,-644,7,199.3748016357,29.5513401031,t
04-qAlR0TstJSucelBtfQA,10479,-869,4,188.6599273682,292.0602722168,t
QleGS_DWou9lxMCVqcbdGw,9076,-742,4,195.4699707031,255.4888458252,t
oVd3QpkKGQazBT71kpvnpQ,5564,-739,1,153.8129577637,156.375,t
g3jQ-jSXQyH6nzNkYXiQsQ,11411,-564,2,90.2499847412,310.1875,t
Af0g4wjCuFldr-Hl7BEyHg,100,-677,2,134.6258239746,11.0625,t
Af0g4wjCuFldr-Hl7BEyHg,11422,-467,2,134.6258239746,311.25,t
PLTIkh6YCP3VghN-mCb0bQ,10541,-1210,1,186.8528747559,306.5625,t
PLTIkh6YCP3VghN-mCb0bQ,4303,-502,6,186.8528747559,118.5,t
YYH9cDkRPNoI1y55Clawqg,5707,-263,1,188.6127929688,154.4017791748,t
YYH9cDkRPNoI1y55Clawqg,7874,-549,1,188.6127929688,227.8839263916,t
YYH9cDkRPNoI1y55Clawqg,10179,-725,1,188.6127929688,267.5267944336,t
YYH9cDkRPNoI1y55Clawqg,11505,-587,1,188.6127929688,319.1339416504,t
fwcf2fvsP3XwPtEoh6knqw,690,-429,7,182.2579040527,2.2589285374,t
3tte3ZzEVr7eXFnYHjrjyA,578,-352,7,181.986907959,2.2589285374,t
T3tCp1zQ-WawEcnyROtbug,474,-288,7,181.0462799072,351.6339416504,t
KPeRyy7hvqkBoWv7mSUQyg,495,-287,7,180.4404754639,351.6339416504,t
IWlq4AGJlncDniZjpS79Fg,570,-324,7,180.5684204102,1.5446428061,t
AUppRPrzA-PtPjW8jfJ1lA,532,-520,4,270.6032714844,24.2321434021,t
8HqKtHuUJIJYPS2q6JFF1Q,5054,-802,1,1.6051176786,145.1875,t
8HqKtHuUJIJYPS2q6JFF1Q,9263,-272,1,1.6051176786,247.84375,t
BmRRO6lJnw1C3STVE8q6-w,2679,-441,1,0.2022054195,83.21875,t
BmRRO6lJnw1C3STVE8q6-w,712,-327,1,0.2022054195,35.40625,t
BmRRO6lJnw1C3STVE8q6-w,4951,-334,1,0.2022054195,135.4955291748,t
BmRRO6lJnw1C3STVE8q6-w,11671,-204,1,0.2022054195,313.4397277832,t
GwqNvCH_uHQA7Svr1m63rw,1867,-388,1,132.2721099854,54.6897315979,t
GwqNvCH_uHQA7Svr1m63rw,8915,-702,6,132.2721099854,223.4397277832,t
qrw2wMkBc27edCAXbwwlJA,10223,-274,1,181.4733123779,277.7678527832,t
J8iiaRoudF78zOdZ4Mp0Zg,7500,-710,3,126.0198059082,198.1875,t
8RbidYHjw3swzqxFGZV3nA,6619,-490,3,126.7091445923,173.0625,t
EXEjEDuPiMJdaZUQ4ME4Dg,5787,-261,1,126.403755188,150.515625,t
lnqOidrfYokO7MFMI2c3iA,10773,-457,1,127.9766616821,291.140625,t
lnqOidrfYokO7MFMI2c3iA,10925,-426,3,127.9766616821,291.140625,t
lnqOidrfYokO7MFMI2c3iA,9655,-963,1,127.9766616821,227.578125,t
lnqOidrfYokO7MFMI2c3iA,7030,-1054,1,127.9766616821,195.890625,t
lnqOidrfYokO7MFMI2c3iA,5434,-485,1,127.9766616821,147.796875,t
gpU96yV3NI777PrVQ7U4kg,574,-331,1,126.4377365112,344.109375,t
_tiBbMs0iLw0zPK0HgOgjg,3826,-602,1,202.8907012939,96.7232131958,t
wA37Hoixc6uY0Mm221JQgg,3031,-466,2,270.7630004883,87.5089263916,t
gpU96yV3NI777PrVQ7U4kg,6631,-419,1,126.4377365112,188.859375,t
gpU96yV3NI777PrVQ7U4kg,8356,-577,1,126.4377365112,233.4129486084,t
gpU96yV3NI777PrVQ7U4kg,9689,-673,1,126.4377365112,254.484375,t
C-gDB67Kpi1UR4nwsUzvXA,1796,-781,1,269.7343444824,63,t
C-gDB67Kpi1UR4nwsUzvXA,3040,-260,1,269.7343444824,74.4285736084,t
C-gDB67Kpi1UR4nwsUzvXA,7440,-349,1,269.7343444824,190.0089263916,t
hROnAMt4yBTMOdbzh2TJ_g,11867,-1369,1,242.6405334473,318.4017944336,t
wA37Hoixc6uY0Mm221JQgg,5928,-423,1,270.7630004883,157.7767791748,t
wA37Hoixc6uY0Mm221JQgg,6663,-357,1,270.7630004883,174.9196472168,t
_tiBbMs0iLw0zPK0HgOgjg,9569,-253,1,202.8907012939,246.9732208252,t
_tiBbMs0iLw0zPK0HgOgjg,1798,-287,1,202.8907012939,46.0803565979,t
wA37Hoixc6uY0Mm221JQgg,10904,-381,1,270.7630004883,280.0982055664,t
hROnAMt4yBTMOdbzh2TJ_g,1065,-845,1,242.6405334473,32.3303565979,t
_tiBbMs0iLw0zPK0HgOgjg,9226,-305,1,202.8907012939,246.9732208252,t
hROnAMt4yBTMOdbzh2TJ_g,12695,-1222,3,242.6405334473,340.2767944336,t
_tiBbMs0iLw0zPK0HgOgjg,12035,-240,6,202.8907012939,332.5982055664,t
_tiBbMs0iLw0zPK0HgOgjg,12560,-289,1,202.8907012939,332.5982055664,t
KeLYbqgcp2vcOR2330E3YQ,4202,-590,1,195.0253295898,112.5982131958,t
wA37Hoixc6uY0Mm221JQgg,8501,-158,1,270.7630004883,223.0446472168,t
wA37Hoixc6uY0Mm221JQgg,2674,-501,1,270.7630004883,87.5089263916,t
wA37Hoixc6uY0Mm221JQgg,10290,-232,1,270.7630004883,280.0982055664,t
_tiBbMs0iLw0zPK0HgOgjg,5011,-820,1,202.8907012939,120.1607131958,t
-E2q6fQ6ks-CbHxJBZ0ggw,10638,-419,1,205.69090271,288.3459777832,t
wZcACJ8ffj0ZiCuts2vH3w,11593,-660,1,204.8095703125,323.2209777832,t
wZcACJ8ffj0ZiCuts2vH3w,9300,-212,1,204.8095703125,263.7120666504,t
wZcACJ8ffj0ZiCuts2vH3w,3692,-544,4,204.8095703125,96.3147354126,t
wZcACJ8ffj0ZiCuts2vH3w,3370,-567,4,204.8095703125,96.3147354126,t
wZcACJ8ffj0ZiCuts2vH3w,3184,-490,4,204.8095703125,78.0334854126,t
hDnmhdxjioVmAw7opmGksQ,5773,-321,4,203.3144683838,159.578125,t
hDnmhdxjioVmAw7opmGksQ,5912,-269,3,203.3144683838,159.578125,t
CzxQQmuLpQlgOhxDSu_bGw,12674,-418,6,199.0592498779,345.7388305664,t
hDnmhdxjioVmAw7opmGksQ,159,-265,3,203.3144683838,5.3816962242,t
GEHltWScIIL59ytV_d9OYw,4019,-556,6,195.5863647461,93.5959854126,t
GEHltWScIIL59ytV_d9OYw,2574,-484,6,195.5863647461,57.3459815979,t
rb5wRt81Pt0qHJUiIWvSZg,3517,-568,6,190.907699585,56.953125,t
99PBI-VxMBd5vgqSlelpgw,8687,-328,3,184.0145111084,210.140625,t
99PBI-VxMBd5vgqSlelpgw,10149,-661,1,184.0145111084,271.828125,t
99PBI-VxMBd5vgqSlelpgw,11234,-516,3,184.0145111084,318.703125,t
99PBI-VxMBd5vgqSlelpgw,11439,-474,3,184.0145111084,318.703125,t
99PBI-VxMBd5vgqSlelpgw,11971,-398,3,184.0145111084,318.703125,t
99PBI-VxMBd5vgqSlelpgw,3539,-764,1,184.0145111084,91.265625,t
99PBI-VxMBd5vgqSlelpgw,3781,-674,4,184.0145111084,85.453125,t
B3bw7uMP9XPZKN3cLNWtTw,8237,-315,1,183.3352203369,205.453125,t
B3bw7uMP9XPZKN3cLNWtTw,5531,-345,1,183.3352203369,153.703125,t
tkwxTEfXIL817hZIMDCyrQ,11702,-468,3,182.395980835,329.390625,t
BH-c-15vWtNvcSwiXeczsA,7774,-326,3,163.6806640625,221.5334777832,t
2u2bu486JRAt5O7MRS4lbA,13110,-659,2,50.4135856628,358.75,t
JZRKM5-Fqxc4u1VDHhRRKQ,592,-213,2,165.2510986328,14.071428299,t
gU7RHvT-brjK3bSmFstSTw,5592,-255,3,167.4100646973,157.8459777832,t
gU7RHvT-brjK3bSmFstSTw,5342,-330,3,167.4100646973,157.8459777832,t
nb9t2WMO155n_KZOcxOECQ,4152,-491,3,175.8588409424,136.265625,t
BH-c-15vWtNvcSwiXeczsA,11352,-424,3,163.6806640625,306.7522277832,t
PFP2FmkMMob1WMpM1MKmIQ,8962,-490,3,171.583114624,249.0022277832,t
g3MoK7ZQrv5xFgnuhfx-dA,8977,34,3,358.4810791016,229.5022277832,t
gU7RHvT-brjK3bSmFstSTw,10558,-732,4,167.4100646973,288.3459777832,t
4avJ2OiC-65VIqG0fm2twA,4506,-1114,4,120.7722854614,117.0022354126,t
g3MoK7ZQrv5xFgnuhfx-dA,8757,-55,3,358.4810791016,229.5022277832,t
g3MoK7ZQrv5xFgnuhfx-dA,10128,37,7,358.4810791016,270.5647277832,t
g3MoK7ZQrv5xFgnuhfx-dA,10303,-233,7,358.4810791016,271.5022277832,t
g3MoK7ZQrv5xFgnuhfx-dA,10836,-923,7,358.4810791016,275.6272277832,t
2u2bu486JRAt5O7MRS4lbA,3928,-1427,2,50.4135856628,149.3125,t
2u2bu486JRAt5O7MRS4lbA,5750,-1718,2,50.4135856628,170.5,t
2u2bu486JRAt5O7MRS4lbA,9741,-208,2,50.4135856628,264.109375,t
CGYPBYytlX_z90mTf8Q44w,10732,-842,2,140.7349853516,303.6964416504,t
CGYPBYytlX_z90mTf8Q44w,12530,-646,2,140.7349853516,344.1964416504,t
JZRKM5-Fqxc4u1VDHhRRKQ,4471,-341,2,165.2510986328,138.8839263916,t
dnbKSuQoOB5szmoTT2oX_g,8100,-622,2,117.308380127,230.0714263916,t
bbt2gH12ZSTi_DGbK5Hr3w,9145,-216,3,98.4496307373,251.8147277832,t
g3MoK7ZQrv5xFgnuhfx-dA,9167,88,3,358.4810791016,232.8772277832,t
2u2bu486JRAt5O7MRS4lbA,922,-914,2,50.4135856628,33.25,t
2u2bu486JRAt5O7MRS4lbA,10559,-226,2,50.4135856628,287.59375,t
xsa0YdR94Qz8bTYP0_N_Og,4048,-587,2,351.0160217285,107.8035736084,t
xsa0YdR94Qz8bTYP0_N_Og,12737,-210,2,351.0160217285,337.6339416504,t
JZRKM5-Fqxc4u1VDHhRRKQ,10534,-1105,2,165.2510986328,303.3214416504,t
2u2bu486JRAt5O7MRS4lbA,9847,-180,2,50.4135856628,264.109375,t
xsa0YdR94Qz8bTYP0_N_Og,11680,-509,2,351.0160217285,327.1875,t
dnbKSuQoOB5szmoTT2oX_g,10257,-258,2,117.308380127,282.9553527832,t
dnbKSuQoOB5szmoTT2oX_g,8255,-411,4,117.308380127,224.5959777832,t
2u2bu486JRAt5O7MRS4lbA,10337,-171,2,50.4135856628,280,t
xsa0YdR94Qz8bTYP0_N_Og,3992,-385,3,351.0160217285,107.8035736084,t
gU7RHvT-brjK3bSmFstSTw,9211,-604,4,167.4100646973,266.7834777832,t
a7N6bjhpDZYByxaD85GS2Q,5843,-542,3,127.6307296753,168.9084777832,t
cw-0K7uRflKtVfwHFhUj-w,1041,-612,1,270.1201171875,27.1875,t
cw-0K7uRflKtVfwHFhUj-w,5122,-546,2,270.1201171875,147.1875,t
cw-0K7uRflKtVfwHFhUj-w,5706,-505,2,270.1201171875,162.5625,t
cw-0K7uRflKtVfwHFhUj-w,8236,-444,2,270.1201171875,243.9375,t
cw-0K7uRflKtVfwHFhUj-w,8878,-406,1,270.1201171875,254.25,t
cw-0K7uRflKtVfwHFhUj-w,11256,-442,1,270.1201171875,290.25,t
cw-0K7uRflKtVfwHFhUj-w,2223,-749,2,270.1201171875,64.125,t
9rdv90DjrqgF4JTmYcIYkA,1226,-474,4,356.5471801758,30.4196434021,t
9rdv90DjrqgF4JTmYcIYkA,9558,-454,4,356.5471801758,253.0089263916,t
80pKMfzkBcAOBEbF-CizXQ,5147,-519,4,359.0209655762,137.5625,t
Apmevbs3kJTwv4jyrN8d4g,1973,-607,4,359.6463317871,48.1875,t
WhC-d8nYuqqPJRAILT5IAA,12231,-266,3,359.7294921875,326.8482055664,t
pJ31pvi0W8a716a4-DdrJw,3325,-712,4,359.8887023926,84.7946395874,t
pJ31pvi0W8a716a4-DdrJw,3130,-706,4,359.8887023926,84.7946395874,t
1WILiB-zQuNKebHBCNXprA,3434,-682,3,304.8112487793,119.5,t
OOMnOikAYr4y04vsR-htYg,6078,-548,3,298.0370178223,166.375,t
aF6Dchf6c-SCQCt9_gMv3w,8442,-667,2,59.0773963928,251.375,t
aF6Dchf6c-SCQCt9_gMv3w,12234,-700,2,59.0773963928,314.1875,t
vHKZmgkn2PiUVZjqkN-mHw,13112,-646,3,29.3139476776,1.8125,t
vHKZmgkn2PiUVZjqkN-mHw,2973,-511,3,29.3139476776,57.6875,t
kzs_NlQbFCxCkcuafyNk8g,8940,-499,3,29.9179840088,263.75,t
q7m-bkWfeWaobed8AuSM-g,2888,-771,1,29.3125610352,73.8125,t
q7m-bkWfeWaobed8AuSM-g,2794,-919,3,29.3125610352,73.8125,t
q7m-bkWfeWaobed8AuSM-g,2458,-823,3,29.3125610352,73.8125,t
q7m-bkWfeWaobed8AuSM-g,13189,-1015,1,29.3125610352,23,t
gWL6UI2XAV4uGWZ1dM-YXA,9395,-651,2,29.5526351929,236.75,t
gWL6UI2XAV4uGWZ1dM-YXA,8313,-403,1,29.5526351929,236.75,t
gWL6UI2XAV4uGWZ1dM-YXA,10356,-854,7,29.5526351929,306.5,t
EX0bmrh4-6AyAwmOHoEjyA,9731,-503,7,29.8497982025,276.875,t
EX0bmrh4-6AyAwmOHoEjyA,12752,-773,4,29.8497982025,348.5535583496,t
U7u2eEEgCE3F9IrcPiQo5g,380,-260,3,29.0171203613,9.178571701,t
DBROh6Uo_9kLB3PNucB5yg,13302,-416,3,29.8887348175,2.75,t
DBROh6Uo_9kLB3PNucB5yg,260,-307,3,29.8887348175,2.75,t
xYXvnMaOvTDQsXmx35RsZQ,74,-241,3,22.3785953522,4.3571429253,t
x8cljou4UtPmRwT65QEEzQ,9111,-490,7,269.4312133789,253.875,t
x8cljou4UtPmRwT65QEEzQ,6669,-1245,7,269.4312133789,181.5,t
x8cljou4UtPmRwT65QEEzQ,4549,-532,7,269.4312133789,117.5625,t
x8cljou4UtPmRwT65QEEzQ,2908,-221,7,269.4312133789,71.0625,t
x8cljou4UtPmRwT65QEEzQ,2066,-646,7,269.4312133789,71.0625,t
x8cljou4UtPmRwT65QEEzQ,889,-458,7,269.4312133789,20.625,t
x8cljou4UtPmRwT65QEEzQ,12747,-408,7,269.4312133789,342.9375,t
x8cljou4UtPmRwT65QEEzQ,11588,-785,7,269.4312133789,342.9375,t
x8cljou4UtPmRwT65QEEzQ,10650,-534,7,269.4312133789,295.5,t
3EavPM3cg0Mu2y356Bxawg,11794,-775,7,356.4282226563,357.5625,t
3EavPM3cg0Mu2y356Bxawg,1302,-725,7,356.4282226563,357.5625,t
eKWwHobuexPoNqDc8QgA4Q,11982,-802,7,357.0209655762,357.5625,t
eKWwHobuexPoNqDc8QgA4Q,1524,-730,7,357.0209655762,357.5625,t
PBdWbIdOIybnyIX315Fd1A,12097,-801,7,359.2232666016,357.5625,t
PBdWbIdOIybnyIX315Fd1A,1451,-575,7,359.2232666016,357.5625,t
vXSr6RjlQFLnvm7n4DLlDw,11893,-816,7,0.734257102,357.5625,t
vXSr6RjlQFLnvm7n4DLlDw,1281,-661,7,0.734257102,357.5625,t
JBkhsupto93zVvX4Bfe2CA,1104,-785,7,359.5140075684,357.75,t
DOb9NNp1HZ6ZGCbRvGa5Cw,1004,-832,7,359.8962097168,357.75,t
mN43FzqUKAvjmbU2YtTw_A,11804,-680,7,359.6617126465,356.4375,t
d17rr7_AGg8QlYD-igzbjQ,11822,-542,7,0.5609060526,356.4375,t
QMquvDJT2BFQuKPHBt_Bzg,10158,-378,7,356.7548217773,285,t
zwCnLAlA1laXZU8ifQtluQ,1700,-673,7,89.6005401611,84.9375,t
zwCnLAlA1laXZU8ifQtluQ,4286,-704,7,89.6005401611,84.9375,t
Au__mD2_-Hxtme1tXtgcqw,12764,-478,7,136.551940918,336.8839416504,t
wCjSNEIK48AIi0Zp0hzD8w,9750,-389,1,321.9523010254,257.1540222168,t
gHmQIh6ey6_JbJA9ETZ8PQ,2889,-1299,7,320.0636901855,78.2165145874,t
W1zkh-mqn5yYGsB55kvkpQ,8577,-346,4,319.8503417969,225.9441986084,t
iaTk--WD-MHE9kFa3c8dhg,7999,-323,4,320.2684020996,223.6473236084,t
QaWZFgiJAW0K62hBE_aRJA,1918,-1488,7,320.1759338379,60.1473197937,t
Azaw8zaGfjR0t-F9Jfi9kw,2293,-1486,7,320.0469970703,48.6629447937,t
g43gNHAFLLCkBW_2Z-HY5Q,13294,-927,7,319.955657959,354.7098083496,t
MKhk8LH4Je-lX_YghYabtw,1209,-1446,7,319.8478393555,32.0223197937,t
9GAwGJLR8pRCTcacnbsehQ,2341,-1577,7,319.9592590332,30.006696701,t
8IkkWXqCbz5JqpIiEBCLRA,8727,-362,4,320.2604675293,231.3816986084,t
JBkhsupto93zVvX4Bfe2CA,11726,-653,7,359.5140075684,357.75,t
8MX8L1qfO4KFRauUaMkz3g,768,-961,7,359.3551635742,357.75,t
mN43FzqUKAvjmbU2YtTw_A,1095,-840,7,359.6617126465,356.4375,t
tUGHIL8WFPyrKKNYBvQwQA,1922,-525,7,312.6258850098,26.625,t
jqy3ijf9vvyxDQsU4hl-QA,2828,-306,7,271.6751708984,83.4375,t
jqy3ijf9vvyxDQsU4hl-QA,4078,-276,7,271.6751708984,83.4375,t
hZn8p6XKjAbaK0MvHjHb2g,9476,-83,7,272.7586975098,261.46875,t
OdbbqOwEdYEZm_xDXX1soA,8549,-341,4,320.0169677734,229.8102722168,t
U1WymAWpLf6s-F2KRSe8AQ,8709,-364,4,320.2727661133,240.5223236084,t
TTaCbaVKG3F0shiA4Z_j_A,2062,-1546,7,320.3595581055,62.7254447937,t
_yEeq6BUy1dlBovFS3cDIQ,8367,-392,4,319.8551025391,222.8973236084,t
-fTBqF8LqORpqEoM27lK4Q,9005,-358,4,320.3957519531,243.3348236084,t
9VJndTIAAxFdaB1LvMzZkQ,2216,-1461,7,319.9833374023,58.0379447937,t
w62tPxvDE9eE-KmJxc8AYA,1464,-1485,7,320.0941772461,42.6160697937,t
vo-Jrt0HsnxMzPfgNc3Fnw,7474,-317,4,319.834197998,201.4285736084,t
TdHflAN9lzlfNJwDHSPwYQ,1553,-1642,7,319.9923095703,33.9910697937,t
8vI-Lr2YaFX9t9UCsLB3kQ,9512,-296,4,320.2048950195,252.0535736084,t
8MX8L1qfO4KFRauUaMkz3g,11720,-646,7,359.3551635742,357.75,t
tUGHIL8WFPyrKKNYBvQwQA,10932,-315,7,312.6258850098,312.1875,t
tUGHIL8WFPyrKKNYBvQwQA,974,-243,7,312.6258850098,26.625,t
DlhzfylAVlaMt84Ke8kVIQ,1757,-672,7,95.6249847412,84.9375,t
FpWarYiHs70UkrUkbuMdvw,6699,-243,3,319.9367980957,178.3258972168,t
FpWarYiHs70UkrUkbuMdvw,2949,-1339,7,319.9367980957,93.53125,t
YFl7n6qR9FDE2d1sCIdN7Q,3329,-1090,7,321.1971435547,105.484375,t
d0I-TGCo97L-PhoUNQcurw,1633,-1547,7,320.0591430664,65.3504486084,t
lbWfyMiqrQoJiRjhgDFJlA,8735,-363,1,320.1485595703,232.2254486084,t
xrbfDEbikJRMwDku6xCweA,2357,-1446,7,320.0465393066,85.1316986084,t
YzpZ7nvO7crSglVFrrtI0g,2300,-1410,7,320.1477050781,68.2098236084,t
BAycB97qLdxHAJMK6kgcHA,2014,-1440,7,319.7510375977,39.7098197937,t
pa-Zjmh8DfE2YLIgxcwGvg,8644,-337,4,319.9876403809,232.9754486084,t
pa-Zjmh8DfE2YLIgxcwGvg,2154,-1556,7,319.9876403809,41.2098197937,t
bDFD94Agi9fZBDkZsQeNxA,2093,-1326,7,320.0853881836,53.7723197937,t
8IkkWXqCbz5JqpIiEBCLRA,1732,-1628,7,320.2604675293,53.6316947937,t
1PME5TJKtpdNTbRaqa_AqQ,7927,-300,1,320.0515136719,206.0223236084,t
FP7J7XKznGVftd-agw400w,3339,-1306,7,320.205871582,77.3504486084,t
DOb9NNp1HZ6ZGCbRvGa5Cw,11855,-673,7,359.8962097168,357.75,t
tUGHIL8WFPyrKKNYBvQwQA,12104,-578,7,312.6258850098,312.1875,t
tUGHIL8WFPyrKKNYBvQwQA,13059,-237,7,312.6258850098,312.1875,t
tUGHIL8WFPyrKKNYBvQwQA,4723,-485,7,312.6258850098,124.5,t
myxyW6DeWDkOF6f7GHVilg,1733,-609,7,90.6810073853,84.9375,t
IZrWTldig8WURrQ2PsctJQ,8663,-397,4,319.0557556152,231.7165222168,t
ZhyuL-dV9SfdSdC9xUmCSA,8381,-347,4,320.0257568359,236.2566986084,t
lbWfyMiqrQoJiRjhgDFJlA,6944,-262,1,320.1485595703,192.0535736084,t
ZsrxldCQ9_zo4wF_flcqDQ,9374,-323,4,320.3749389648,259.5066833496,t
s-jfKPC1fy2VbOASjopEgQ,8837,-381,4,320.2535095215,240.5223236084,t
s-jfKPC1fy2VbOASjopEgQ,2193,-1375,7,320.2535095215,60.1473197937,t
aUk6P_ZAn7AJey68xX2r4Q,8638,-355,4,319.9444274902,232.5066986084,t
5f9MhBSRS97WXqhDzQxIuQ,8041,-326,4,319.8573608398,221.5848236084,t
CwSoM662gO_gjBeT-iV7Dg,8391,-340,4,320.0700683594,233.2098236084,t
_fSIgdBi9r8HdkGnYox6tA,1959,-1599,7,320.1381530762,60.4285697937,t
iGVMsGcPSg4iJweBhssQLw,1741,-1494,7,320.2858276367,48.5223197937,t
PWqClig6UDAYM6x2DWisPQ,1496,-1488,7,319.8722229004,41.9598197937,t
EM_sbkHIOzicbFBNXIZEVQ,7258,-273,2,320.3515014648,198.9441986084,t
d17rr7_AGg8QlYD-igzbjQ,1182,-645,7,0.5609060526,356.4375,t
DlhzfylAVlaMt84Ke8kVIQ,4641,-628,7,95.6249847412,84.9375,t
myxyW6DeWDkOF6f7GHVilg,4208,-851,7,90.6810073853,84.9375,t
hZn8p6XKjAbaK0MvHjHb2g,10218,-94,7,272.7586975098,276.046875,t
KJl-DHnID9XBKO6EL0j_lg,2248,-387,7,150.4448242188,55.5625,t
JXWKm67QSYkqn7DcCbsf-g,13246,-386,7,150.0388946533,357.9553527832,t
GYs_arMh74t1UOGC_gI1KA,11672,-450,7,116.0844497681,301.0803527832,t
NRf4nUU9Yh145Fzc_WBAhg,8197,-321,4,320.0076904297,225.7566986084,t
YzpZ7nvO7crSglVFrrtI0g,8780,-355,4,320.1477050781,242.6785736084,t
f6VvBYlMx8kRU0KS1RSzIQ,1771,-1614,7,319.7590332031,42.7566947937,t
S-fydTAtahPmLFDNO1eZTA,1880,-1622,7,320.0182495117,47.4910697937,t
99m6_hma5KmtLLASTx-S2A,897,-1384,7,320.2964172363,19.647321701,t
c5Hnei_1dBqxs5CAdPKNDg,2142,-1377,7,319.9555358887,63.2879447937,t
CwSoM662gO_gjBeT-iV7Dg,1484,-1595,7,320.0700683594,35.1629447937,t
mDOVyTABpo0Mufmh6yoLdA,8666,-327,4,319.9950256348,233.0691986084,t
H6ganu53-YN1p8W4ql3BRg,1845,-1410,7,319.9725952148,52.9754447937,t
bet_SSt78iYndwAc6tMUdA,8412,-353,4,320.2433776855,234.9910736084,t
qdtf_Yb4BQ8Py-AZIHyKTw,7493,-312,4,320.1976318359,207.8504486084,t
_fSIgdBi9r8HdkGnYox6tA,8816,-359,4,320.1381530762,239.3504486084,t
eWk0Btof2DWkeLVWkHKevg,8217,-266,2,321.5270385742,217.4977722168,t
FpWarYiHs70UkrUkbuMdvw,6929,-285,3,319.9367980957,184.8415222168,t
OdbbqOwEdYEZm_xDXX1soA,3070,-1444,7,320.0169677734,70.8816986084,t
Tw9QMxlvq6_fe7ZLEkswag,2065,-1531,7,320.2065734863,70.6941986084,t
99m6_hma5KmtLLASTx-S2A,8564,-324,4,320.2964172363,239.5379486084,t
fGuwn_XQXYZPoBQdnYWzQA,8814,-317,4,320.038482666,233.8191986084,t
ZkWRq_8eXig80lpedQwOfQ,8675,-347,4,319.9192199707,241.2254486084,t
_zHHk8MHVTkN6Tgumr3l-w,8309,-353,4,320.1179199219,226.7410736084,t
UllByZTAKraVZUR5AsaTQw,11374,-572,1,43.4344482422,303.625,t
UllByZTAKraVZUR5AsaTQw,10660,-532,1,43.4344482422,286.75,t
UllByZTAKraVZUR5AsaTQw,8402,-508,1,43.4344482422,235.1875,t
UllByZTAKraVZUR5AsaTQw,7906,-546,1,43.4344482422,212.125,t
UllByZTAKraVZUR5AsaTQw,5328,-540,1,43.4344482422,141.4375,t
UllByZTAKraVZUR5AsaTQw,7763,-495,3,43.4344482422,208,t
UllByZTAKraVZUR5AsaTQw,5046,-502,3,43.4344482422,135.25,t
UllByZTAKraVZUR5AsaTQw,4764,-517,1,43.4344482422,129.0625,t
UllByZTAKraVZUR5AsaTQw,2643,-584,1,43.4344482422,70.375,t
UllByZTAKraVZUR5AsaTQw,1961,-578,1,43.4344482422,62.125,t
UllByZTAKraVZUR5AsaTQw,1960,-439,4,43.4344482422,62.125,t
UllByZTAKraVZUR5AsaTQw,2447,-494,4,43.4344482422,67,t
