gsv_panorama_id,sv_image_x,sv_image_y,label_type_id,photographer_heading,heading
riixORAIsHjNKzXzO6ZiHQ,471,-437,4,226.487197876,7.3861608505
D1d8_1zf4MK2njkQRmTGZw,12294,-401,1,176.9493103027,344.8861694336
UllByZTAKraVZUR5AsaTQw,1944,-550,1,43.4344482422,57.25
UllByZTAKraVZUR5AsaTQw,4762,-511,1,43.4344482422,109.9375
tfbLvp9AXICPy1rVrevJIA,11378,-391,4,3.9255518913,299.7232055664
tfbLvp9AXICPy1rVrevJIA,13283,-83,3,3.9255518913,357.8482055664
tfbLvp9AXICPy1rVrevJIA,6990,-73,1,3.9255518913,188.609375
tfbLvp9AXICPy1rVrevJIA,6282,-98,1,3.9255518913,179.09375
tfbLvp9AXICPy1rVrevJIA,401,-45,1,3.9255518913,0.1986607164
UllByZTAKraVZUR5AsaTQw,7755,-487,3,43.4344482422,208.8482208252
UllByZTAKraVZUR5AsaTQw,11294,-570,1,43.4344482422,293.9375
tfbLvp9AXICPy1rVrevJIA,6973,-93,1,3.9255518913,185.953125
tfbLvp9AXICPy1rVrevJIA,11513,-374,4,3.9255518913,310.265625
tfbLvp9AXICPy1rVrevJIA,11910,-290,4,3.9255518913,321.421875
tfbLvp9AXICPy1rVrevJIA,12960,-49,1,3.9255518913,341.34375
tfbLvp9AXICPy1rVrevJIA,351,-51,1,3.9255518913,6.375
betttaqtbxoxAenR4qXzaQ,2261,-519,1,22.8668060303,57.4464302063
riixORAIsHjNKzXzO6ZiHQ,1303,-11,4,226.487197876,34.8258934021
D1d8_1zf4MK2njkQRmTGZw,9525,-430,3,176.9493103027,279.8861694336
xoJcAPI20GkVZhZEMXwe6A,7903,-422,1,276.2749023438,218.5089263916
xoJcAPI20GkVZhZEMXwe6A,11175,-336,4,276.2749023438,298.8013305664
Tlw9RExZSh3cezUjcMQDnw,12957,-90,4,359.8737182617,350.1227722168
QDsRGDFJ8NDvjuMLLtQoJw,8135,-95,4,210.4977264404,219.7075958252
QDsRGDFJ8NDvjuMLLtQoJw,2060,-184,1,210.4977264404,55.4017868042
QDsRGDFJ8NDvjuMLLtQoJw,83,-454,1,210.4977264404,5.2924108505
iTwDUyGnEjJleE6wMkbhXw,11319,-114,1,123.2752151489,297.3125
iTwDUyGnEjJleE6wMkbhXw,8759,-579,4,123.2752151489,240.546875
273jMbv01qXmghYoMcrbnA,3970,-497,1,180.8765563965,94.9352645874
oelHXIPFCxM-GrqjXJ_Rjw,5449,-264,1,334.3901062012,154.9821472168
oelHXIPFCxM-GrqjXJ_Rjw,13001,-231,1,334.3901062012,355.6540222168
oelHXIPFCxM-GrqjXJ_Rjw,11657,-44,1,334.3901062012,314.3571472168
1R8sTrcpWMTmfOtH4Ima0A,1528,-167,2,223.2348480225,39.0267868042
QDsRGDFJ8NDvjuMLLtQoJw,9746,-599,1,210.4977264404,263.4151916504
QDsRGDFJ8NDvjuMLLtQoJw,6817,-92,1,210.4977264404,183.5111541748
273jMbv01qXmghYoMcrbnA,9555,-678,1,180.8765563965,245.5446472168
1R8sTrcpWMTmfOtH4Ima0A,1575,-204,3,223.2348480225,39.0267868042
UllByZTAKraVZUR5AsaTQw,2628,-571,1,43.4344482422,57.25
UllByZTAKraVZUR5AsaTQw,8370,-506,1,43.4344482422,187.9375
tfbLvp9AXICPy1rVrevJIA,11699,-326,4,3.9255518913,299.7232055664
tfbLvp9AXICPy1rVrevJIA,250,-62,2,3.9255518913,357.8482055664
tfbLvp9AXICPy1rVrevJIA,6383,-120,2,3.9255518913,179.09375
tfbLvp9AXICPy1rVrevJIA,12982,-44,1,3.9255518913,348.3995666504
tfbLvp9AXICPy1rVrevJIA,12919,-100,7,3.9255518913,0.1986607164
tfbLvp9AXICPy1rVrevJIA,12088,-248,4,3.9255518913,321.421875
tfbLvp9AXICPy1rVrevJIA,286,-24,2,3.9255518913,6.375
betttaqtbxoxAenR4qXzaQ,6562,-95,1,22.8668060303,176.6473236084
betttaqtbxoxAenR4qXzaQ,6335,-86,1,22.8668060303,176.6473236084
riixORAIsHjNKzXzO6ZiHQ,8710,-344,4,226.487197876,237.0200958252
riixORAIsHjNKzXzO6ZiHQ,8438,-200,2,226.487197876,233.5982208252
riixORAIsHjNKzXzO6ZiHQ,13174,-713,4,226.487197876,7.3861608505
D1d8_1zf4MK2njkQRmTGZw,9540,-796,1,176.9493103027,264.5290222168
D1d8_1zf4MK2njkQRmTGZw,3866,-814,1,176.9493103027,108.9040145874
QVBzWhGL0UYQAlOYe_EByA,6803,-318,4,309.2958679199,181.4933013916
QVBzWhGL0UYQAlOYe_EByA,7566,-655,2,309.2958679199,212.0290222168
s8GEb88vkcN3n7L9XSCOEw,8604,-130,1,249.1143798828,230.6986541748
s8GEb88vkcN3n7L9XSCOEw,2114,-13,4,249.1143798828,60.0959815979
xoJcAPI20GkVZhZEMXwe6A,6443,-648,1,276.2749023438,159.5803527832
1R8sTrcpWMTmfOtH4Ima0A,2037,-42,7,223.2348480225,40.4441947937
1R8sTrcpWMTmfOtH4Ima0A,2369,51,7,223.2348480225,40.4441947937
RFETpkMhl9_Ip91-iVFhLg,1874,-110,7,161.2340698242,42.3191947937
cCSnGSMg3xL8X4hvjfie1w,7446,-147,1,352.7652893066,200.3683013916
YRij4tm47MusTu-9BGYa1A,4833,-563,3,92.4837646484,125.6428604126
YRij4tm47MusTu-9BGYa1A,2818,-172,1,92.4837646484,78.6026763916
Btx_jn4wzlB7lCJznodB8g,9969,-87,1,290.0159606934,267.1674194336
Btx_jn4wzlB7lCJznodB8g,5071,-70,1,290.0159606934,137.6986541748
UllByZTAKraVZUR5AsaTQw,4835,-520,1,43.4344482422,174.5
UllByZTAKraVZUR5AsaTQw,11312,-557,1,43.4344482422,272.9375
UllByZTAKraVZUR5AsaTQw,8717,-319,4,43.4344482422,229.25
UllByZTAKraVZUR5AsaTQw,8393,-524,1,43.4344482422,251.9375
ms6i0cd5367SyaoXPmfmpA,13003,-139,1,175.0300598145,24.921875
ms6i0cd5367SyaoXPmfmpA,11720,-382,4,175.0300598145,313.9732055664
ms6i0cd5367SyaoXPmfmpA,12165,-251,4,175.0300598145,313.9732055664
PBnZK8_to13x-EEug8VtTw,6931,-158,1,22.7198677063,178.0066986084
PBnZK8_to13x-EEug8VtTw,6879,-202,1,22.7198677063,179.7410736084
2UU29_3GcrJ7jtS9DVTRsg,5606,-384,4,273.8428649902,142.4040222168
2UU29_3GcrJ7jtS9DVTRsg,3002,-115,1,273.8428649902,80.8794631958
iTwDUyGnEjJleE6wMkbhXw,9511,-427,4,123.2752151489,260.421875
iTwDUyGnEjJleE6wMkbhXw,12182,-333,4,123.2752151489,332.65625
273jMbv01qXmghYoMcrbnA,11689,-528,1,180.8765563965,317.7410583496
273jMbv01qXmghYoMcrbnA,1645,-363,1,180.8765563965,42.2008934021
UllByZTAKraVZUR5AsaTQw,5248,-514,1,43.4344482422,109.9375
UllByZTAKraVZUR5AsaTQw,7885,-571,1,43.4344482422,187.9375
UllByZTAKraVZUR5AsaTQw,11290,-557,1,43.4344482422,263.3125
tfbLvp9AXICPy1rVrevJIA,6320,-54,2,3.9255518913,179.09375
tfbLvp9AXICPy1rVrevJIA,12852,-97,2,3.9255518913,0.1986607164
UllByZTAKraVZUR5AsaTQw,4757,-503,1,43.4344482422,143.5625
UllByZTAKraVZUR5AsaTQw,5305,-532,1,43.4344482422,149
UllByZTAKraVZUR5AsaTQw,8627,-309,4,43.4344482422,228.4017791748
UllByZTAKraVZUR5AsaTQw,10610,-543,1,43.4344482422,293.9375
tfbLvp9AXICPy1rVrevJIA,2798,-976,4,3.9255518913,70.6339263916
tfbLvp9AXICPy1rVrevJIA,6348,-58,2,3.9255518913,168.375
tfbLvp9AXICPy1rVrevJIA,6185,-87,2,3.9255518913,168.796875
tfbLvp9AXICPy1rVrevJIA,11314,-420,4,3.9255518913,310.265625
tfbLvp9AXICPy1rVrevJIA,11699,-343,4,3.9255518913,310.265625
tfbLvp9AXICPy1rVrevJIA,12864,-68,3,3.9255518913,341.34375
betttaqtbxoxAenR4qXzaQ,7755,-398,1,22.8668060303,206.0848236084
betttaqtbxoxAenR4qXzaQ,9193,-198,4,22.8668060303,246.4910736084
s8GEb88vkcN3n7L9XSCOEw,10915,-420,4,249.1143798828,293.0111694336
oelHXIPFCxM-GrqjXJ_Rjw,6453,-177,1,334.3901062012,177.9977722168
s8GEb88vkcN3n7L9XSCOEw,8165,-237,1,249.1143798828,230.6986541748
Tlw9RExZSh3cezUjcMQDnw,1021,-564,4,359.8737182617,34.2991065979
Tlw9RExZSh3cezUjcMQDnw,12689,-218,4,359.8737182617,345.5758972168
Tlw9RExZSh3cezUjcMQDnw,11925,-619,7,359.8737182617,295.5736694336
Tlw9RExZSh3cezUjcMQDnw,9064,-848,7,359.8737182617,252.6361541748
QDsRGDFJ8NDvjuMLLtQoJw,863,-206,1,210.4977264404,31.1205348969
oelHXIPFCxM-GrqjXJ_Rjw,13190,-203,1,334.3901062012,355.6540222168
1R8sTrcpWMTmfOtH4Ima0A,6936,-420,4,223.2348480225,181.3727722168
1R8sTrcpWMTmfOtH4Ima0A,9549,-421,4,223.2348480225,250.1852722168
1R8sTrcpWMTmfOtH4Ima0A,9868,-539,4,223.2348480225,258.6227722168
1R8sTrcpWMTmfOtH4Ima0A,8673,-296,7,223.2348480225,238.5691986084
1R8sTrcpWMTmfOtH4Ima0A,2225,44,7,223.2348480225,40.4441947937
RFETpkMhl9_Ip91-iVFhLg,9019,-1302,4,161.2340698242,247.9441986084
RFETpkMhl9_Ip91-iVFhLg,6780,-64,4,161.2340698242,180.7410736084
cCSnGSMg3xL8X4hvjfie1w,5936,-223,1,352.7652893066,148.9933013916
cCSnGSMg3xL8X4hvjfie1w,7737,-159,1,352.7652893066,200.3683013916
cCSnGSMg3xL8X4hvjfie1w,8634,-341,1,352.7652893066,227.0870513916
YRij4tm47MusTu-9BGYa1A,3780,-183,1,92.4837646484,115.8214263916
YRij4tm47MusTu-9BGYa1A,3907,-193,3,92.4837646484,104.7120513916
YRij4tm47MusTu-9BGYa1A,2149,-336,1,92.4837646484,65.4308013916
Btx_jn4wzlB7lCJznodB8g,9274,-165,1,290.0159606934,254.9799041748
Btx_jn4wzlB7lCJznodB8g,4985,-87,1,290.0159606934,137.6986541748
Tlw9RExZSh3cezUjcMQDnw,6296,-294,1,359.8737182617,182.3638458252
QDsRGDFJ8NDvjuMLLtQoJw,6274,-159,1,210.4977264404,172.4486541748
UllByZTAKraVZUR5AsaTQw,10597,-499,1,43.4344482422,263.3125
tfbLvp9AXICPy1rVrevJIA,12381,-148,4,3.9255518913,322.3125
tfbLvp9AXICPy1rVrevJIA,250,-62,2,3.9255518913,357.8482055664
tfbLvp9AXICPy1rVrevJIA,7089,-124,2,3.9255518913,181.0625
UllByZTAKraVZUR5AsaTQw,5227,-525,1,43.4344482422,143.5625
UllByZTAKraVZUR5AsaTQw,8417,-492,1,43.4344482422,202.0625
UllByZTAKraVZUR5AsaTQw,9574,-71,4,43.4344482422,252.8660736084
tfbLvp9AXICPy1rVrevJIA,6473,-56,1,3.9255518913,168.375
tfbLvp9AXICPy1rVrevJIA,6361,-107,2,3.9255518913,168.75
tfbLvp9AXICPy1rVrevJIA,6335,-106,1,3.9255518913,168.796875
tfbLvp9AXICPy1rVrevJIA,7149,-133,1,3.9255518913,187.875
tfbLvp9AXICPy1rVrevJIA,8408,-450,4,3.9255518913,233.390625
tfbLvp9AXICPy1rVrevJIA,12906,-87,2,3.9255518913,341.34375
betttaqtbxoxAenR4qXzaQ,9214,-269,3,22.8668060303,246.4910736084
betttaqtbxoxAenR4qXzaQ,9341,-748,1,22.8668060303,248.9285736084
betttaqtbxoxAenR4qXzaQ,4160,-523,1,22.8668060303,103.5892868042
riixORAIsHjNKzXzO6ZiHQ,9249,-616,4,226.487197876,255.4799041748
riixORAIsHjNKzXzO6ZiHQ,8630,-306,4,226.487197876,237.0200958252
riixORAIsHjNKzXzO6ZiHQ,8239,-111,2,226.487197876,227.8794708252
D1d8_1zf4MK2njkQRmTGZw,1518,-367,3,176.9493103027,37.296875
D1d8_1zf4MK2njkQRmTGZw,2194,-229,4,176.9493103027,47.8325881958
D1d8_1zf4MK2njkQRmTGZw,3513,-416,4,176.9493103027,88.0111618042
QVBzWhGL0UYQAlOYe_EByA,2903,-345,2,309.2958679199,67.1183013916
s8GEb88vkcN3n7L9XSCOEw,10443,-347,4,249.1143798828,293.0111694336
xoJcAPI20GkVZhZEMXwe6A,6247,-550,3,276.2749023438,159.5803527832
xoJcAPI20GkVZhZEMXwe6A,3662,-4,2,276.2749023438,98.0625
QDsRGDFJ8NDvjuMLLtQoJw,2579,-207,4,210.4977264404,70.7299118042
QDsRGDFJ8NDvjuMLLtQoJw,3363,-294,4,210.4977264404,86.6205368042
273jMbv01qXmghYoMcrbnA,12206,-496,1,180.8765563965,317.7410583496
oelHXIPFCxM-GrqjXJ_Rjw,5554,-188,1,334.3901062012,154.9821472168
1R8sTrcpWMTmfOtH4Ima0A,8471,-398,7,223.2348480225,238.5691986084
RFETpkMhl9_Ip91-iVFhLg,2071,-303,7,161.2340698242,42.3191947937
RFETpkMhl9_Ip91-iVFhLg,2569,-547,4,161.2340698242,69.2254486084
cCSnGSMg3xL8X4hvjfie1w,633,-285,4,352.7652893066,7.875
cCSnGSMg3xL8X4hvjfie1w,5165,-458,1,352.7652893066,136.2254486084
cCSnGSMg3xL8X4hvjfie1w,6304,-198,1,352.7652893066,148.9933013916
cCSnGSMg3xL8X4hvjfie1w,6772,-72,1,352.7652893066,172.0558013916
cCSnGSMg3xL8X4hvjfie1w,9443,-428,4,352.7652893066,254.4151763916
Btx_jn4wzlB7lCJznodB8g,4619,-76,1,290.0159606934,129.4486541748
UllByZTAKraVZUR5AsaTQw,9575,-93,4,43.4344482422,229.25
UllByZTAKraVZUR5AsaTQw,7888,-541,1,43.4344482422,251.9375
UllByZTAKraVZUR5AsaTQw,10684,-546,1,43.4344482422,272.9375
1R8sTrcpWMTmfOtH4Ima0A,8269,-580,7,223.2348480225,238.5691986084
UllByZTAKraVZUR5AsaTQw,7737,-492,3,43.4344482422,209.8125
tfbLvp9AXICPy1rVrevJIA,11944,-275,4,3.9255518913,299.7232055664
tfbLvp9AXICPy1rVrevJIA,12207,-193,4,3.9255518913,322.3125
tfbLvp9AXICPy1rVrevJIA,7203,-125,2,3.9255518913,181.0625
tfbLvp9AXICPy1rVrevJIA,6471,-54,1,3.9255518913,179.09375
tfbLvp9AXICPy1rVrevJIA,7073,-66,2,3.9255518913,188.609375
tfbLvp9AXICPy1rVrevJIA,6909,-63,2,3.9255518913,188.609375
tfbLvp9AXICPy1rVrevJIA,12916,-99,2,3.9255518913,0.1986607164
UllByZTAKraVZUR5AsaTQw,2560,-593,1,43.4344482422,82.4375
UllByZTAKraVZUR5AsaTQw,7911,-536,1,43.4344482422,202.0625
UllByZTAKraVZUR5AsaTQw,8806,-272,4,43.4344482422,228.4017791748
tfbLvp9AXICPy1rVrevJIA,12246,-210,4,3.9255518913,321.421875
tfbLvp9AXICPy1rVrevJIA,12425,-163,4,3.9255518913,328.875
tfbLvp9AXICPy1rVrevJIA,12799,-71,2,3.9255518913,341.34375
betttaqtbxoxAenR4qXzaQ,6822,-95,2,22.8668060303,179.1785736084
betttaqtbxoxAenR4qXzaQ,9290,-538,3,22.8668060303,246.4910736084
riixORAIsHjNKzXzO6ZiHQ,6105,-819,3,226.487197876,149.3727722168
1R8sTrcpWMTmfOtH4Ima0A,8816,-220,7,223.2348480225,238.5691986084
D1d8_1zf4MK2njkQRmTGZw,8514,-911,1,176.9493103027,242.1183013916
D1d8_1zf4MK2njkQRmTGZw,836,-397,1,176.9493103027,37.296875
QVBzWhGL0UYQAlOYe_EByA,6292,-101,4,309.2958679199,181.4933013916
s8GEb88vkcN3n7L9XSCOEw,12690,-499,4,249.1143798828,349.2611694336
s8GEb88vkcN3n7L9XSCOEw,8754,-119,1,249.1143798828,230.6986541748
s8GEb88vkcN3n7L9XSCOEw,8214,-170,1,249.1143798828,230.6986541748
xoJcAPI20GkVZhZEMXwe6A,4170,-44,1,276.2749023438,112.96875
Tlw9RExZSh3cezUjcMQDnw,7151,-267,1,359.8737182617,182.3638458252
Tlw9RExZSh3cezUjcMQDnw,6368,-306,1,359.8737182617,182.3638458252
Tlw9RExZSh3cezUjcMQDnw,10570,-825,7,359.8737182617,304.1986694336
iTwDUyGnEjJleE6wMkbhXw,11218,-105,2,123.2752151489,298.203125
iTwDUyGnEjJleE6wMkbhXw,9951,-278,4,123.2752151489,271.4375
273jMbv01qXmghYoMcrbnA,2020,-358,1,180.8765563965,42.2008934021
oelHXIPFCxM-GrqjXJ_Rjw,6534,-214,1,334.3901062012,177.9977722168
oelHXIPFCxM-GrqjXJ_Rjw,6288,-160,1,334.3901062012,170.8727722168
oelHXIPFCxM-GrqjXJ_Rjw,12744,-84,1,334.3901062012,355.6540222168
oelHXIPFCxM-GrqjXJ_Rjw,11779,-44,1,334.3901062012,314.3571472168
1R8sTrcpWMTmfOtH4Ima0A,7982,-581,1,223.2348480225,213.0602722168
1R8sTrcpWMTmfOtH4Ima0A,1839,-36,2,223.2348480225,40.7611618042
1R8sTrcpWMTmfOtH4Ima0A,6299,-1261,1,223.2348480225,159.6026763916
cCSnGSMg3xL8X4hvjfie1w,5162,-726,1,352.7652893066,136.2254486084
cCSnGSMg3xL8X4hvjfie1w,6929,-37,1,352.7652893066,197.0401763916
cCSnGSMg3xL8X4hvjfie1w,8674,-473,1,352.7652893066,227.0870513916
YRij4tm47MusTu-9BGYa1A,4302,-456,1,92.4837646484,125.6428604126
YRij4tm47MusTu-9BGYa1A,2579,-190,1,92.4837646484,78.6026763916
Btx_jn4wzlB7lCJznodB8g,10105,-97,1,290.0159606934,282.6361694336
Btx_jn4wzlB7lCJznodB8g,4797,-84,1,290.0159606934,129.4486541748
UllByZTAKraVZUR5AsaTQw,2006,-561,1,43.4344482422,91.0625
UllByZTAKraVZUR5AsaTQw,5293,-554,1,43.4344482422,174.5
UllByZTAKraVZUR5AsaTQw,2639,-577,1,43.4344482422,91.0625
ms6i0cd5367SyaoXPmfmpA,175,-146,1,175.0300598145,24.921875
PBnZK8_to13x-EEug8VtTw,6381,-180,1,22.7198677063,162.6316986084
PBnZK8_to13x-EEug8VtTw,6265,-185,1,22.7198677063,162.6316986084
PBnZK8_to13x-EEug8VtTw,6817,-159,1,22.7198677063,178.0066986084
PBnZK8_to13x-EEug8VtTw,7028,-176,1,22.7198677063,179.7410736084
PBnZK8_to13x-EEug8VtTw,13191,24,3,22.7198677063,350.1383972168
UllByZTAKraVZUR5AsaTQw,8707,-319,4,43.4344482422,221.5982208252
UllByZTAKraVZUR5AsaTQw,7403,-367,3,43.4344482422,213.0267791748
tfbLvp9AXICPy1rVrevJIA,11077,-410,4,3.9255518913,299.7232055664
tfbLvp9AXICPy1rVrevJIA,12538,-82,4,3.9255518913,322.3125
tfbLvp9AXICPy1rVrevJIA,344,-28,2,3.9255518913,357.8482055664
UllByZTAKraVZUR5AsaTQw,1939,-566,1,43.4344482422,82.4375
D1d8_1zf4MK2njkQRmTGZw,1042,-396,3,176.9493103027,37.296875
tfbLvp9AXICPy1rVrevJIA,1278,-671,4,3.9255518913,33.8482131958
tfbLvp9AXICPy1rVrevJIA,11104,-452,4,3.9255518913,310.265625
betttaqtbxoxAenR4qXzaQ,9334,-360,4,22.8668060303,246.4910736084
betttaqtbxoxAenR4qXzaQ,13267,-49,2,22.8668060303,354.0245666504
betttaqtbxoxAenR4qXzaQ,4050,-524,1,22.8668060303,103.5892868042
riixORAIsHjNKzXzO6ZiHQ,8462,-231,2,226.487197876,233.5982208252
QVBzWhGL0UYQAlOYe_EByA,4908,-81,1,309.2958679199,145.9575958252
s8GEb88vkcN3n7L9XSCOEw,2112,-10,3,249.1143798828,60.0959815979
xoJcAPI20GkVZhZEMXwe6A,4009,-16,1,276.2749023438,112.96875
Tlw9RExZSh3cezUjcMQDnw,543,-298,4,359.8737182617,34.2991065979
Tlw9RExZSh3cezUjcMQDnw,7793,-514,7,359.8737182617,227.8861541748
QDsRGDFJ8NDvjuMLLtQoJw,9244,-477,3,210.4977264404,263.4151916504
QDsRGDFJ8NDvjuMLLtQoJw,3369,-304,4,210.4977264404,89.1049118042
QDsRGDFJ8NDvjuMLLtQoJw,1898,-144,1,210.4977264404,55.4017868042
273jMbv01qXmghYoMcrbnA,3525,-417,1,180.8765563965,94.9352645874
273jMbv01qXmghYoMcrbnA,8809,-804,1,180.8765563965,238.0915222168
oelHXIPFCxM-GrqjXJ_Rjw,12893,-92,1,334.3901062012,355.6540222168
1R8sTrcpWMTmfOtH4Ima0A,6539,-346,4,223.2348480225,181.3727722168
2UU29_3GcrJ7jtS9DVTRsg,10371,-163,4,273.8428649902,274.3080444336
2UU29_3GcrJ7jtS9DVTRsg,3091,-55,1,273.8428649902,80.8794631958
iTwDUyGnEjJleE6wMkbhXw,11316,-136,2,123.2752151489,300.2879333496
273jMbv01qXmghYoMcrbnA,12188,-481,1,180.8765563965,327.7522277832
273jMbv01qXmghYoMcrbnA,8747,-824,1,180.8765563965,255.3415222168
oelHXIPFCxM-GrqjXJ_Rjw,6203,-159,1,334.3901062012,163.890625
34AE9Qyq4Hh0mwaFPSNtig,13118,-167,1,14.678861618,3.2857143879
34AE9Qyq4Hh0mwaFPSNtig,13310,-99,1,14.678861618,3.2857143879
34AE9Qyq4Hh0mwaFPSNtig,848,-51,1,14.678861618,19.0357151031
34AE9Qyq4Hh0mwaFPSNtig,12042,-559,4,14.678861618,315.8482055664
Q8KLF55-1eJ7mgSuB3L3Pg,390,-462,4,248.1507263184,12.1919641495
-YP7VVRO4_pQYPY6RtYQcg,10640,-291,4,246.4456939697,289.1919555664
8sPRxdLMEGvlWA8ybdsoLg,5613,-156,4,343.8368835449,151.6607208252
8sPRxdLMEGvlWA8ybdsoLg,477,-443,1,343.8368835449,25.6875
v7J3WXfIsNFThd06KSjXiw,13263,-956,1,319.6789855957,351.5424194336
nrsk5rXjI5637iQ9-67wWA,11278,-219,1,133.0410614014,301.8169555664
2UU29_3GcrJ7jtS9DVTRsg,2999,-58,1,273.8428649902,80.8794631958
2UU29_3GcrJ7jtS9DVTRsg,3987,-122,1,273.8428649902,101.2700881958
2UU29_3GcrJ7jtS9DVTRsg,4087,-95,1,273.8428649902,101.2700881958
2UU29_3GcrJ7jtS9DVTRsg,4087,-122,1,273.8428649902,106.0513381958
2UU29_3GcrJ7jtS9DVTRsg,3721,-44,1,273.8428649902,94.9419631958
2UU29_3GcrJ7jtS9DVTRsg,3698,-72,1,273.8428649902,107.0825881958
2UU29_3GcrJ7jtS9DVTRsg,3819,-50,1,273.8428649902,94.9419631958
2UU29_3GcrJ7jtS9DVTRsg,3827,-109,1,273.8428649902,107.6919631958
2UU29_3GcrJ7jtS9DVTRsg,3825,-57,1,273.8428649902,107.6450881958
2UU29_3GcrJ7jtS9DVTRsg,3812,-72,1,273.8428649902,107.8794631958
2UU29_3GcrJ7jtS9DVTRsg,3827,-89,1,273.8428649902,108.7232131958
hIRdT70ztD1dHUv4CTL0vQ,5580,-725,4,245.0940551758,152.0825958252
hIRdT70ztD1dHUv4CTL0vQ,10297,-568,4,245.0940551758,276.3683166504
iTwDUyGnEjJleE6wMkbhXw,12181,-322,4,123.2752151489,337.7075805664
iTwDUyGnEjJleE6wMkbhXw,11338,-119,2,123.2752151489,309.1473083496
iTwDUyGnEjJleE6wMkbhXw,8767,-596,4,123.2752151489,250.2522277832
273jMbv01qXmghYoMcrbnA,4012,-504,1,180.8765563965,92.1272354126
273jMbv01qXmghYoMcrbnA,3509,-409,1,180.8765563965,92.1272354126
273jMbv01qXmghYoMcrbnA,2034,-376,1,180.8765563965,71.1450881958
273jMbv01qXmghYoMcrbnA,1609,-363,1,180.8765563965,58.5558052063
273jMbv01qXmghYoMcrbnA,11697,-524,1,180.8765563965,327.7522277832
273jMbv01qXmghYoMcrbnA,9639,-699,1,180.8765563965,255.3415222168
oelHXIPFCxM-GrqjXJ_Rjw,5447,-262,1,334.3901062012,132.484375
oelHXIPFCxM-GrqjXJ_Rjw,5572,-172,1,334.3901062012,142.1875
oelHXIPFCxM-GrqjXJ_Rjw,6532,-235,1,334.3901062012,170.5
oelHXIPFCxM-GrqjXJ_Rjw,6459,-190,1,334.3901062012,170.5
oelHXIPFCxM-GrqjXJ_Rjw,11665,-62,1,334.3901062012,312.5580444336
oelHXIPFCxM-GrqjXJ_Rjw,11769,-54,1,334.3901062012,312.5580444336
oelHXIPFCxM-GrqjXJ_Rjw,12994,-234,1,334.3901062012,346.5424194336
oelHXIPFCxM-GrqjXJ_Rjw,13198,-208,1,334.3901062012,346.5424194336
oelHXIPFCxM-GrqjXJ_Rjw,12891,-98,1,334.3901062012,346.5424194336
oelHXIPFCxM-GrqjXJ_Rjw,12731,-85,1,334.3901062012,346.5424194336
34AE9Qyq4Hh0mwaFPSNtig,13281,-173,1,14.678861618,3.2857143879
34AE9Qyq4Hh0mwaFPSNtig,170,-89,1,14.678861618,3.2857143879
34AE9Qyq4Hh0mwaFPSNtig,7361,-178,1,14.678861618,199.8415222168
34AE9Qyq4Hh0mwaFPSNtig,6870,-165,1,14.678861618,192.2946472168
Q8KLF55-1eJ7mgSuB3L3Pg,9798,-134,4,248.1507263184,258.2857055664
Q8KLF55-1eJ7mgSuB3L3Pg,12807,-560,4,248.1507263184,12.1919641495
Q8KLF55-1eJ7mgSuB3L3Pg,1047,-322,4,248.1507263184,12.1919641495
Q8KLF55-1eJ7mgSuB3L3Pg,1517,-249,4,248.1507263184,12.1919641495
Q8KLF55-1eJ7mgSuB3L3Pg,1859,-159,4,248.1507263184,30.7544651031
Q8KLF55-1eJ7mgSuB3L3Pg,2149,-42,4,248.1507263184,30.7544651031
-YP7VVRO4_pQYPY6RtYQcg,12660,-483,1,246.4456939697,2.2544643879
-YP7VVRO4_pQYPY6RtYQcg,989,-305,1,246.4456939697,2.2544643879
-YP7VVRO4_pQYPY6RtYQcg,1495,-282,1,246.4456939697,47.4419631958
-YP7VVRO4_pQYPY6RtYQcg,4656,-320,1,246.4456939697,97.3169631958
-YP7VVRO4_pQYPY6RtYQcg,3268,-406,1,246.4456939697,67.5044631958
-YP7VVRO4_pQYPY6RtYQcg,3201,-438,1,246.4456939697,97.3169631958
-YP7VVRO4_pQYPY6RtYQcg,3337,-423,1,246.4456939697,97.3169631958
-YP7VVRO4_pQYPY6RtYQcg,5530,-190,1,246.4456939697,128.8169708252
-YP7VVRO4_pQYPY6RtYQcg,5721,-169,1,246.4456939697,128.8169708252
-YP7VVRO4_pQYPY6RtYQcg,4895,-275,1,246.4456939697,97.3169631958
-YP7VVRO4_pQYPY6RtYQcg,6611,-190,1,246.4456939697,171.9419708252
-YP7VVRO4_pQYPY6RtYQcg,7079,-228,1,246.4456939697,171.9419708252
-YP7VVRO4_pQYPY6RtYQcg,8313,-758,1,246.4456939697,216.0044708252
-YP7VVRO4_pQYPY6RtYQcg,8587,-750,1,246.4456939697,216.0044708252
-YP7VVRO4_pQYPY6RtYQcg,1656,-189,4,246.4456939697,55.4419631958
8sPRxdLMEGvlWA8ybdsoLg,8829,-386,1,343.8368835449,239.6071472168
8sPRxdLMEGvlWA8ybdsoLg,10533,-348,1,343.8368835449,261.8392944336
8sPRxdLMEGvlWA8ybdsoLg,3139,-1111,1,343.8368835449,106.125
8sPRxdLMEGvlWA8ybdsoLg,2169,-894,1,343.8368835449,106.125
8sPRxdLMEGvlWA8ybdsoLg,1867,-527,4,343.8368835449,69
8sPRxdLMEGvlWA8ybdsoLg,13175,-171,1,343.8368835449,356.171875
fjX6dkhjV2UE_qFN64oIFw,5736,-324,2,179.9526824951,158.3102722168
nrsk5rXjI5637iQ9-67wWA,4714,-51,1,133.0410614014,137.1741027832
8sPRxdLMEGvlWA8ybdsoLg,1957,-262,4,343.8368835449,69
8sPRxdLMEGvlWA8ybdsoLg,11910,-167,2,343.8368835449,330.859375
v7J3WXfIsNFThd06KSjXiw,9405,-698,1,319.6789855957,246.1941986084
8sPRxdLMEGvlWA8ybdsoLg,13095,-79,1,343.8368835449,356.171875
v7J3WXfIsNFThd06KSjXiw,12057,-337,1,319.6789855957,351.5424194336
fjX6dkhjV2UE_qFN64oIFw,6193,-196,1,179.9526824951,162.9040222168
v7J3WXfIsNFThd06KSjXiw,13306,-671,1,319.6789855957,351.5424194336
fjX6dkhjV2UE_qFN64oIFw,7337,-313,1,179.9526824951,175.7209777832
nrsk5rXjI5637iQ9-67wWA,2938,-428,4,133.0410614014,78.6919631958
v7J3WXfIsNFThd06KSjXiw,12364,-341,1,319.6789855957,351.5424194336
v7J3WXfIsNFThd06KSjXiw,10878,-348,1,319.6789855957,294.7299194336
fjX6dkhjV2UE_qFN64oIFw,8068,-511,1,179.9526824951,245.2299041748
nrsk5rXjI5637iQ9-67wWA,10661,-602,4,133.0410614014,301.8169555664
nrsk5rXjI5637iQ9-67wWA,9755,-1013,4,133.0410614014,246.6830291748
ZvIJUEOTfpqkFj3ggY8W1A,5262,-707,4,359.7112731934,145.6116027832
ZvIJUEOTfpqkFj3ggY8W1A,5226,-683,1,359.7112731934,145.6116027832
ZvIJUEOTfpqkFj3ggY8W1A,4921,-650,4,359.7112731934,145.6116027832
ZvIJUEOTfpqkFj3ggY8W1A,6146,-375,1,359.7112731934,153.1116027832
ZvIJUEOTfpqkFj3ggY8W1A,6473,-305,1,359.7112731934,156.4151763916
ZvIJUEOTfpqkFj3ggY8W1A,6897,-126,1,359.7112731934,182.2544708252
ZvIJUEOTfpqkFj3ggY8W1A,7545,-324,1,359.7112731934,197.8169708252
ZvIJUEOTfpqkFj3ggY8W1A,7763,-363,1,359.7112731934,197.8169708252
ZvIJUEOTfpqkFj3ggY8W1A,7812,-384,1,359.7112731934,204.7075958252
ZvIJUEOTfpqkFj3ggY8W1A,8978,-608,1,359.7112731934,246.6138458252
ZvIJUEOTfpqkFj3ggY8W1A,8802,-507,1,359.7112731934,246.6138458252
ZvIJUEOTfpqkFj3ggY8W1A,2946,-1353,4,359.7112731934,78.6763381958
ZvIJUEOTfpqkFj3ggY8W1A,2911,-1768,1,359.7112731934,75.4620513916
LbCN_XwNzZtyXfEpFYuViw,1478,-285,4,181.2663116455,37.1495552063
LbCN_XwNzZtyXfEpFYuViw,13204,-148,1,181.2663116455,358.2901916504
LbCN_XwNzZtyXfEpFYuViw,10968,-849,4,181.2663116455,300.7834777832
LbCN_XwNzZtyXfEpFYuViw,3747,-412,4,181.2663116455,103.6584854126
yvqfSIOCZQV0COq1odQNZw,5395,-2,1,310.6029663086,142.2254486084
yvqfSIOCZQV0COq1odQNZw,6655,-179,1,310.6029663086,176.6785736084
yvqfSIOCZQV0COq1odQNZw,10759,-160,1,310.6029663086,290.4352722168
yvqfSIOCZQV0COq1odQNZw,11440,-191,1,310.6029663086,302.6696472168
yvqfSIOCZQV0COq1odQNZw,11238,-100,1,310.6029663086,302.6696472168
yvqfSIOCZQV0COq1odQNZw,1511,-776,4,310.6029663086,59.9241065979
PkdqjgtJhT_AT_4yySFHvw,8927,-172,2,200.0116729736,250.2544708252
PkdqjgtJhT_AT_4yySFHvw,9438,-109,2,200.0116729736,250.2544708252
ci0ve4EzjpPRupg4ciIi6Q,568,-653,1,84.123550415,48.8080368042
ci0ve4EzjpPRupg4ciIi6Q,1112,-712,1,84.123550415,48.8080368042
ci0ve4EzjpPRupg4ciIi6Q,11237,-529,1,84.123550415,333.0580444336
ci0ve4EzjpPRupg4ciIi6Q,11775,-551,1,84.123550415,333.0580444336
ci0ve4EzjpPRupg4ciIi6Q,9139,-637,1,84.123550415,265.3705444336
ci0ve4EzjpPRupg4ciIi6Q,8366,-682,1,84.123550415,265.3705444336
ci0ve4EzjpPRupg4ciIi6Q,10147,-90,1,84.123550415,260.6383972168
ci0ve4EzjpPRupg4ciIi6Q,5666,-879,1,84.123550415,151.7723236084
ci0ve4EzjpPRupg4ciIi6Q,4641,-908,1,84.123550415,151.7723236084
wCqJksD1tT33NGHgpYS2mQ,956,-290,1,90.1588668823,20.334821701
wCqJksD1tT33NGHgpYS2mQ,12330,-164,1,90.1588668823,337.3883972168
wCqJksD1tT33NGHgpYS2mQ,10673,-200,1,90.1588668823,297.4776916504
wCqJksD1tT33NGHgpYS2mQ,9295,-187,4,90.1588668823,264.6205444336
wCqJksD1tT33NGHgpYS2mQ,8050,-1092,1,90.1588668823,234.0669708252
wCqJksD1tT33NGHgpYS2mQ,8034,-528,3,90.1588668823,234.0669708252
wCqJksD1tT33NGHgpYS2mQ,6663,-980,3,90.1588668823,204.4419708252
wCqJksD1tT33NGHgpYS2mQ,4646,-159,4,90.1588668823,133.0401763916
wCqJksD1tT33NGHgpYS2mQ,4980,-320,4,90.1588668823,133.0401763916
wCqJksD1tT33NGHgpYS2mQ,4522,-130,3,90.1588668823,120.8973236084
wCqJksD1tT33NGHgpYS2mQ,4482,-83,3,90.1588668823,120.8973236084
wCqJksD1tT33NGHgpYS2mQ,4429,-72,3,90.1588668823,120.8973236084
wCqJksD1tT33NGHgpYS2mQ,1530,-290,3,90.1588668823,27.9508934021
wCqJksD1tT33NGHgpYS2mQ,1165,-314,3,90.1588668823,10.9866075516
wCqJksD1tT33NGHgpYS2mQ,12157,-125,3,90.1588668823,315.4508972168
wCqJksD1tT33NGHgpYS2mQ,10075,-177,3,90.1588668823,275.2723083496
wCqJksD1tT33NGHgpYS2mQ,9607,-210,4,90.1588668823,275.2723083496
d5r4JONIhT7CBaCyJTjgzg,7133,-824,4,105.6905288696,174.6741027832
d5r4JONIhT7CBaCyJTjgzg,6583,-746,3,105.6905288696,174.6741027832
d5r4JONIhT7CBaCyJTjgzg,4806,-301,3,105.6905288696,142.53125
d5r4JONIhT7CBaCyJTjgzg,4692,-269,3,105.6905288696,142.53125
klmW6m1Ot1--LBwXG4lT3g,6384,-989,4,266.0531005859,178.3794708252
klmW6m1Ot1--LBwXG4lT3g,4171,-582,1,266.0531005859,117.3973236084
klmW6m1Ot1--LBwXG4lT3g,2794,-194,1,266.0531005859,89.0044631958
4l3EEIu0plhhQGtlzPAfuw,5338,-619,1,267.0848693848,119.6473236084
vawPnGe2RI6NrplKrFPXYg,2771,-148,1,263.3276367188,54.2098197937
PyPk0JrNPgtVMuluD7YcZg,7301,-14,1,210.4242553711,208.15625
gj0n2QjDWbMi4hQflswBzQ,12937,-579,1,135.7162322998,345.2834777832
gj0n2QjDWbMi4hQflswBzQ,12452,-285,1,135.7162322998,345.2834777832
YVS_hz-pdpohaYAXjUVxJg,3536,-238,1,90.5767745972,96.3571395874
1AbQJspygYeCD1eXl-HHNw,7020,-730,2,273.44140625,196.0803527832
klmW6m1Ot1--LBwXG4lT3g,4290,-487,1,266.0531005859,117.3973236084
klmW6m1Ot1--LBwXG4lT3g,2983,-192,1,266.0531005859,89.0044631958
4l3EEIu0plhhQGtlzPAfuw,7592,-629,1,267.0848693848,215.8348236084
PyPk0JrNPgtVMuluD7YcZg,8020,-55,1,210.4242553711,216.5491027832
IwBTSuc9Vy2cF9V8XCOsEQ,10232,-29,1,89.4928512573,284.9263305664
1AbQJspygYeCD1eXl-HHNw,7058,-347,4,273.44140625,197.6875
klmW6m1Ot1--LBwXG4lT3g,3603,-202,1,266.0531005859,80.7901763916
klmW6m1Ot1--LBwXG4lT3g,2173,-391,1,266.0531005859,80.7901763916
4l3EEIu0plhhQGtlzPAfuw,11170,-482,4,267.0848693848,316.1473083496
vawPnGe2RI6NrplKrFPXYg,1285,-878,3,263.3276367188,43.1473197937
PyPk0JrNPgtVMuluD7YcZg,7964,-20,1,210.4242553711,216.5491027832
PyPk0JrNPgtVMuluD7YcZg,7183,-54,1,210.4242553711,208.15625
gj0n2QjDWbMi4hQflswBzQ,11028,-504,1,135.7162322998,298.3214416504
1AbQJspygYeCD1eXl-HHNw,7489,-826,2,273.44140625,196.0803527832
klmW6m1Ot1--LBwXG4lT3g,2202,-521,1,266.0531005859,80.7901763916
urKa0IeEVbRCDs8aMLrdgg,3129,-389,3,49.6706962585,86.2723236084
4l3EEIu0plhhQGtlzPAfuw,11935,-797,1,267.0848693848,342.7723083496
PyPk0JrNPgtVMuluD7YcZg,11185,-980,3,210.4242553711,306.0223083496
IwBTSuc9Vy2cF9V8XCOsEQ,9717,-32,1,89.4928512573,284.9263305664
urKa0IeEVbRCDs8aMLrdgg,4425,-741,4,49.6706962585,126.2098236084
4l3EEIu0plhhQGtlzPAfuw,1540,-568,4,267.0848693848,56.6473197937
vawPnGe2RI6NrplKrFPXYg,8518,-643,3,263.3276367188,249.7723236084
PyPk0JrNPgtVMuluD7YcZg,805,-146,4,210.4242553711,24.7678565979
1AbQJspygYeCD1eXl-HHNw,1584,-608,1,273.44140625,44.6517868042
4l3EEIu0plhhQGtlzPAfuw,1658,-812,1,267.0848693848,80.2723236084
vawPnGe2RI6NrplKrFPXYg,918,-831,3,263.3276367188,54.2098197937
PyPk0JrNPgtVMuluD7YcZg,689,-196,4,210.4242553711,22.6116065979
gj0n2QjDWbMi4hQflswBzQ,11207,-216,1,135.7162322998,298.3214416504
gj0n2QjDWbMi4hQflswBzQ,13063,-491,1,135.7162322998,345.2834777832
gj0n2QjDWbMi4hQflswBzQ,12454,-288,1,135.7162322998,345.2834777832
1AbQJspygYeCD1eXl-HHNw,4516,-576,2,273.44140625,134.9196472168
1AbQJspygYeCD1eXl-HHNw,4973,-575,2,273.44140625,134.9196472168
1AbQJspygYeCD1eXl-HHNw,12789,-925,1,273.44140625,348.4017944336
tbV5UC1ZxSvX7HrmjTjo_g,4385,-771,3,270.4658813477,110.359375
K0N_AT0sjxwJGcLF1Hjpzg,2320,-489,1,98.3076934814,56.1227684021
tbV5UC1ZxSvX7HrmjTjo_g,2408,-596,3,270.4658813477,80.8058013916
tbV5UC1ZxSvX7HrmjTjo_g,11116,-201,4,270.4658813477,320.0022277832
tbV5UC1ZxSvX7HrmjTjo_g,11431,-374,3,270.4658813477,320.0022277832
tbV5UC1ZxSvX7HrmjTjo_g,11369,-363,3,270.4658813477,320.0022277832
tbV5UC1ZxSvX7HrmjTjo_g,8991,-298,3,270.4658813477,238.0379486084
70VU0PtmSfKmlffZwOGhOA,6158,-771,1,270.024230957,158.9375
70VU0PtmSfKmlffZwOGhOA,6044,-692,4,270.024230957,150.7142791748
70VU0PtmSfKmlffZwOGhOA,6189,-491,4,270.024230957,152.1428527832
70VU0PtmSfKmlffZwOGhOA,8275,-562,1,270.024230957,236.6964263916
70VU0PtmSfKmlffZwOGhOA,8354,-494,4,270.024230957,236.6964263916
ZVdWdC3Akzl02Roh74G6zw,4112,-425,4,235.1537475586,100.7924118042
ZVdWdC3Akzl02Roh74G6zw,1726,-75,4,235.1537475586,50.65625
ZVdWdC3Akzl02Roh74G6zw,12770,-625,1,235.1537475586,355.4330444336
ZVdWdC3Akzl02Roh74G6zw,10761,-551,1,235.1537475586,304.8080444336
3wTqeXF1Gq1o5e8D7a4eIQ,5735,-314,1,181.9551391602,145.5223236084
3wTqeXF1Gq1o5e8D7a4eIQ,5294,-303,1,181.9551391602,145.5223236084
3wTqeXF1Gq1o5e8D7a4eIQ,4084,-295,1,181.9551391602,124.8080368042
3wTqeXF1Gq1o5e8D7a4eIQ,2124,-512,1,181.9551391602,46.9553565979
3wTqeXF1Gq1o5e8D7a4eIQ,7371,-499,1,181.9551391602,206.296875
3wTqeXF1Gq1o5e8D7a4eIQ,7006,-175,1,181.9551391602,197.0758972168
3wTqeXF1Gq1o5e8D7a4eIQ,6950,-169,3,181.9551391602,197.0758972168
3wTqeXF1Gq1o5e8D7a4eIQ,6929,-117,1,181.9551391602,197.0758972168
3wTqeXF1Gq1o5e8D7a4eIQ,6878,-118,1,181.9551391602,186.7633972168
3wTqeXF1Gq1o5e8D7a4eIQ,6886,-139,1,181.9551391602,185.2633972168
3wTqeXF1Gq1o5e8D7a4eIQ,6528,-105,1,181.9551391602,179.3102722168
3wTqeXF1Gq1o5e8D7a4eIQ,6465,-108,1,181.9551391602,179.3102722168
3wTqeXF1Gq1o5e8D7a4eIQ,6822,-109,1,181.9551391602,179.3102722168
K0N_AT0sjxwJGcLF1Hjpzg,5802,-1221,1,98.3076934814,161.5178527832
K0N_AT0sjxwJGcLF1Hjpzg,3618,-213,1,98.3076934814,97.8883895874
K0N_AT0sjxwJGcLF1Hjpzg,2918,-175,1,98.3076934814,84.0133895874
K0N_AT0sjxwJGcLF1Hjpzg,2078,-382,3,98.3076934814,56.1227684021
K0N_AT0sjxwJGcLF1Hjpzg,2387,-315,1,98.3076934814,56.1227684021
K0N_AT0sjxwJGcLF1Hjpzg,2284,-344,3,98.3076934814,56.1227684021
aE-hvKvafEtkg4hR0IuV-Q,9253,-693,4,19.1956119537,244.4642791748
aE-hvKvafEtkg4hR0IuV-Q,12830,-76,4,19.1956119537,330.4464416504
aE-hvKvafEtkg4hR0IuV-Q,13039,6,4,19.1956119537,343.8392944336
aE-hvKvafEtkg4hR0IuV-Q,1095,41,3,19.1956119537,21.1607151031
9FBT2RuOMLZupDAJpdThdg,3022,-635,1,319.325012207,88.8571395874
9FBT2RuOMLZupDAJpdThdg,9291,-373,1,319.325012207,256.4821472168
9FBT2RuOMLZupDAJpdThdg,9693,-294,3,319.325012207,263.9821472168
9FBT2RuOMLZupDAJpdThdg,8167,-376,1,319.325012207,229.7388458252
9FBT2RuOMLZupDAJpdThdg,7940,-385,1,319.325012207,229.7388458252
ee7kMpMrgSgWqw194aoJ_w,13122,-97,1,180.6998596191,353.0022277832
ee7kMpMrgSgWqw194aoJ_w,279,-118,1,180.6998596191,0.1272321492
ee7kMpMrgSgWqw194aoJ_w,12897,-161,4,180.6998596191,353.0491027832
zrOdFgFV7nr5SHDLm4h66Q,11194,-443,4,230.3779296875,304.1674194336
zrOdFgFV7nr5SHDLm4h66Q,7718,-199,4,230.3779296875,217.2924041748
mB-7kbD5yW8rEKse-MWnZQ,1737,-587,1,356.2876586914,31.5959815979
mB-7kbD5yW8rEKse-MWnZQ,925,-587,1,356.2876586914,31.5959815979
mB-7kbD5yW8rEKse-MWnZQ,4120,-806,1,356.2876586914,121.2388381958
mB-7kbD5yW8rEKse-MWnZQ,12025,-496,1,356.2876586914,317.0424194336
mB-7kbD5yW8rEKse-MWnZQ,9615,-240,4,356.2876586914,272.7566833496
mB-7kbD5yW8rEKse-MWnZQ,10274,-91,1,356.2876586914,272.7566833496
b1lwkbCqBmKjkGx4r__Qnw,10628,-386,1,358.6228942871,298.1138305664
b1lwkbCqBmKjkGx4r__Qnw,6396,-265,4,358.6228942871,182.9352722168
b1lwkbCqBmKjkGx4r__Qnw,286,-35,4,358.6228942871,7.2209820747
b1lwkbCqBmKjkGx4r__Qnw,86,41,3,358.6228942871,2.7566964626
DYHTqo2NQZNKSb1tuwF06w,4422,-1046,1,358.5771484375,146.4174041748
7IW3PNUoQ3CzJOjuc6XP4Q,2676,-163,2,90.7980422974,71.7477645874
7IW3PNUoQ3CzJOjuc6XP4Q,11084,-513,4,90.7980422974,316.2120666504
8sPRxdLMEGvlWA8ybdsoLg,10379,-346,6,343.8368835449,292.0714416504
8sPRxdLMEGvlWA8ybdsoLg,1889,-275,4,343.8368835449,38.3214302063
mU-sRiowgEKrvAc5jEZbSg,12628,-217,1,80.1200637817,345.0178527832
mU-sRiowgEKrvAc5jEZbSg,11769,-188,1,80.1200637817,333.9464416504
JRuTA818Vn4-8Cb9M2dahA,3870,-331,1,305.7513122559,98.7678604126
JRuTA818Vn4-8Cb9M2dahA,8533,-322,4,305.7513122559,231.9821472168
mB-7kbD5yW8rEKse-MWnZQ,5356,-792,1,356.2876586914,121.2388381958
mB-7kbD5yW8rEKse-MWnZQ,10276,-196,1,356.2876586914,272.7566833496
mB-7kbD5yW8rEKse-MWnZQ,10421,-152,1,356.2876586914,272.7566833496
mB-7kbD5yW8rEKse-MWnZQ,10159,-100,1,356.2876586914,272.7566833496
b1lwkbCqBmKjkGx4r__Qnw,8766,-385,1,358.6228942871,241.2388458252
b1lwkbCqBmKjkGx4r__Qnw,77,55,3,358.6228942871,2.7566964626
DYHTqo2NQZNKSb1tuwF06w,711,-363,1,358.5771484375,26.212053299
7IW3PNUoQ3CzJOjuc6XP4Q,1234,-755,3,90.7980422974,21.9263401031
8sPRxdLMEGvlWA8ybdsoLg,471,-464,1,343.8368835449,26
8sPRxdLMEGvlWA8ybdsoLg,3286,-1133,1,343.8368835449,86.0892868042
8sPRxdLMEGvlWA8ybdsoLg,11897,-174,2,343.8368835449,332.6071472168
mU-sRiowgEKrvAc5jEZbSg,1420,-766,1,80.1200637817,54.3928565979
mU-sRiowgEKrvAc5jEZbSg,11266,-224,1,80.1200637817,303.1428527832
JRuTA818Vn4-8Cb9M2dahA,7898,-216,1,305.7513122559,204.125
mB-7kbD5yW8rEKse-MWnZQ,8390,-767,1,356.2876586914,215.5245513916
b1lwkbCqBmKjkGx4r__Qnw,10262,-365,1,358.6228942871,298.1138305664
DYHTqo2NQZNKSb1tuwF06w,9768,-708,1,358.5771484375,272.1941833496
8sPRxdLMEGvlWA8ybdsoLg,2001,-847,1,343.8368835449,55.4642868042
8sPRxdLMEGvlWA8ybdsoLg,1806,-387,4,343.8368835449,38.3214302063
8sPRxdLMEGvlWA8ybdsoLg,2037,-228,4,343.8368835449,38.3214302063
mU-sRiowgEKrvAc5jEZbSg,12037,-177,1,80.1200637817,345.0178527832
mU-sRiowgEKrvAc5jEZbSg,8299,-115,1,80.1200637817,233.4107208252
JRuTA818Vn4-8Cb9M2dahA,8022,-428,1,305.7513122559,204.125
mB-7kbD5yW8rEKse-MWnZQ,9049,-697,1,356.2876586914,247.578125
mB-7kbD5yW8rEKse-MWnZQ,9721,-127,1,356.2876586914,272.7566833496
mB-7kbD5yW8rEKse-MWnZQ,9435,-221,1,356.2876586914,272.7566833496
dUB4MdoNa4fKqZyeNd4ATg,9753,-342,4,291.2086791992,264.1852722168
DYHTqo2NQZNKSb1tuwF06w,1730,-340,1,358.5771484375,77.7924118042
DYHTqo2NQZNKSb1tuwF06w,11463,-388,1,358.5771484375,327.9977722168
DYHTqo2NQZNKSb1tuwF06w,9789,-470,1,358.5771484375,253.9174041748
7IW3PNUoQ3CzJOjuc6XP4Q,1980,-342,2,90.7980422974,70.5870513916
7IW3PNUoQ3CzJOjuc6XP4Q,369,-902,4,90.7980422974,357.015625
8sPRxdLMEGvlWA8ybdsoLg,13072,-75,1,343.8368835449,339.3928527832
mU-sRiowgEKrvAc5jEZbSg,94,-235,1,80.1200637817,13.2321424484
mU-sRiowgEKrvAc5jEZbSg,9995,-256,1,80.1200637817,278.5892944336
JRuTA818Vn4-8Cb9M2dahA,12306,-192,4,305.7513122559,335.9107055664
8sPRxdLMEGvlWA8ybdsoLg,8817,-393,1,343.8368835449,221.8928527832
mB-7kbD5yW8rEKse-MWnZQ,9623,-246,1,356.2876586914,272.7566833496
b1lwkbCqBmKjkGx4r__Qnw,6309,-373,4,358.6228942871,185.3459777832
DYHTqo2NQZNKSb1tuwF06w,8918,-980,1,358.5771484375,245.7924041748
DYHTqo2NQZNKSb1tuwF06w,12395,-449,1,358.5771484375,350.3191833496
7IW3PNUoQ3CzJOjuc6XP4Q,11765,-754,4,90.7980422974,316.2120666504
7IW3PNUoQ3CzJOjuc6XP4Q,10426,-277,1,90.7980422974,295.0513305664
7IW3PNUoQ3CzJOjuc6XP4Q,10061,-115,3,90.7980422974,270.3191833496
8sPRxdLMEGvlWA8ybdsoLg,1895,-506,4,343.8368835449,38.3214302063
mU-sRiowgEKrvAc5jEZbSg,1324,-771,1,80.1200637817,44.4821434021
mU-sRiowgEKrvAc5jEZbSg,912,-592,1,80.1200637817,36.1785697937
mU-sRiowgEKrvAc5jEZbSg,7797,-1021,1,80.1200637817,215.1964263916
JRuTA818Vn4-8Cb9M2dahA,3547,-368,1,305.7513122559,98.7678604126
JRuTA818Vn4-8Cb9M2dahA,5502,-284,1,305.7513122559,138.1428527832
JRuTA818Vn4-8Cb9M2dahA,7302,-214,1,305.7513122559,183.6785736084
mB-7kbD5yW8rEKse-MWnZQ,9598,-145,1,356.2876586914,272.7566833496
b1lwkbCqBmKjkGx4r__Qnw,656,-881,1,358.6228942871,25.1674098969
DYHTqo2NQZNKSb1tuwF06w,3488,-851,1,358.5771484375,114.3549118042
7IW3PNUoQ3CzJOjuc6XP4Q,799,-839,4,90.7980422974,7.7299108505
7IW3PNUoQ3CzJOjuc6XP4Q,37,-901,3,90.7980422974,351.9263305664
7IW3PNUoQ3CzJOjuc6XP4Q,11360,-616,4,90.7980422974,316.2120666504
8sPRxdLMEGvlWA8ybdsoLg,13186,-154,1,343.8368835449,342.5178527832
mU-sRiowgEKrvAc5jEZbSg,8009,-131,1,80.1200637817,233.4107208252
JRuTA818Vn4-8Cb9M2dahA,5991,-163,1,305.7513122559,150.6428527832
JRuTA818Vn4-8Cb9M2dahA,2807,-747,1,305.7513122559,76.5357131958
JRuTA818Vn4-8Cb9M2dahA,3261,-1388,1,305.7513122559,76.5357131958
JRuTA818Vn4-8Cb9M2dahA,2183,-176,3,305.7513122559,65.0178604126
JRuTA818Vn4-8Cb9M2dahA,1822,-159,1,305.7513122559,65.0178604126
JRuTA818Vn4-8Cb9M2dahA,1817,-162,3,305.7513122559,65.0178604126
JRuTA818Vn4-8Cb9M2dahA,1618,-115,3,305.7513122559,56.1785697937
KxjYwB98hBHm-dBdrDIlJg,5945,-238,1,181.0896911621,146.2678527832
KxjYwB98hBHm-dBdrDIlJg,6187,-147,1,181.0896911621,146.2678527832
KxjYwB98hBHm-dBdrDIlJg,6352,-147,1,181.0896911621,146.2678527832
KxjYwB98hBHm-dBdrDIlJg,6942,-143,1,181.0896911621,172.6964263916
KxjYwB98hBHm-dBdrDIlJg,7076,-248,1,181.0896911621,187.875
KxjYwB98hBHm-dBdrDIlJg,932,-258,4,181.0896911621,16.9821434021
A-eM226LYCgGNB1WLubj8Q,4042,-557,1,315.6326904297,125
A-eM226LYCgGNB1WLubj8Q,3558,-671,3,315.6326904297,90.8035736084
A-eM226LYCgGNB1WLubj8Q,326,-667,4,315.6326904297,7.5892858505
A-eM226LYCgGNB1WLubj8Q,6808,-160,2,315.6326904297,189.6428527832
A-eM226LYCgGNB1WLubj8Q,5886,-180,2,315.6326904297,177.4107208252
A-eM226LYCgGNB1WLubj8Q,6487,-69,1,315.6326904297,172.3303527832
yd5qru1d2jIaBwfNwBl5pw,5911,-225,4,177.7200164795,157.7991027832
yd5qru1d2jIaBwfNwBl5pw,4416,-848,1,177.7200164795,113.0334854126
yd5qru1d2jIaBwfNwBl5pw,3620,-673,1,177.7200164795,113.0334854126
yd5qru1d2jIaBwfNwBl5pw,3840,-702,3,177.7200164795,113.0334854126
yd5qru1d2jIaBwfNwBl5pw,2610,-134,4,177.7200164795,83.4799118042
yd5qru1d2jIaBwfNwBl5pw,2478,-164,4,177.7200164795,83.4799118042
yd5qru1d2jIaBwfNwBl5pw,1717,-457,1,177.7200164795,54.9977684021
yd5qru1d2jIaBwfNwBl5pw,1074,-461,1,177.7200164795,45.0870552063
yd5qru1d2jIaBwfNwBl5pw,149,40,1,177.7200164795,11.899553299
yd5qru1d2jIaBwfNwBl5pw,13239,-7,1,177.7200164795,3.1339285374
yd5qru1d2jIaBwfNwBl5pw,12547,-488,1,177.7200164795,330.4620666504
yd5qru1d2jIaBwfNwBl5pw,11881,-547,1,177.7200164795,330.4620666504
yd5qru1d2jIaBwfNwBl5pw,9384,-933,1,177.7200164795,244.7745513916
yd5qru1d2jIaBwfNwBl5pw,8475,-1061,1,177.7200164795,244.7745513916
s8UXz5ItjRO4CgVE8Y8D1g,4207,-879,1,217.6091003418,117.0959854126
s8UXz5ItjRO4CgVE8Y8D1g,5192,-1039,1,217.6091003418,117.0959854126
s8UXz5ItjRO4CgVE8Y8D1g,4914,-869,4,217.6091003418,117.0959854126
s8UXz5ItjRO4CgVE8Y8D1g,4536,-757,4,217.6091003418,129.4174041748
s8UXz5ItjRO4CgVE8Y8D1g,1486,-607,1,217.6091003418,42.9888381958
s8UXz5ItjRO4CgVE8Y8D1g,409,-572,1,217.6091003418,24.953125
s8UXz5ItjRO4CgVE8Y8D1g,11985,-510,1,217.6091003418,332.7209777832
Q5N6V-2qfvijyou62rDPQA,1773,-108,1,289.5579528809,59.5959815979
s8UXz5ItjRO4CgVE8Y8D1g,10941,-420,3,217.6091003418,304.953125
s8UXz5ItjRO4CgVE8Y8D1g,8913,-801,1,217.6091003418,248.4352722168
s8UXz5ItjRO4CgVE8Y8D1g,5588,-548,4,217.6091003418,149.5066986084
Q5N6V-2qfvijyou62rDPQA,3113,-241,1,289.5579528809,105.7566986084
Q5N6V-2qfvijyou62rDPQA,2074,-142,1,289.5579528809,76.4709854126
Q5N6V-2qfvijyou62rDPQA,1428,-84,1,289.5579528809,59.5959815979
Q5N6V-2qfvijyou62rDPQA,1312,-90,1,289.5579528809,59.5959815979
Q5N6V-2qfvijyou62rDPQA,939,-52,1,289.5579528809,32.3638381958
Q5N6V-2qfvijyou62rDPQA,791,-49,1,289.5579528809,32.3638381958
Q5N6V-2qfvijyou62rDPQA,154,-170,1,289.5579528809,19.149553299
Q5N6V-2qfvijyou62rDPQA,9212,-702,1,289.5579528809,277.0691833496
Q5N6V-2qfvijyou62rDPQA,10817,-624,1,289.5579528809,309.1316833496
Q5N6V-2qfvijyou62rDPQA,9974,-287,4,289.5579528809,273.9955444336
qF8tU4e5bsbvYE5PYyhxjg,4523,-488,1,80.0903930664,135.3035736084
NaWKUnfSMLwusgx7afgOvg,4636,-271,1,201.9947509766,134.7678527832
NaWKUnfSMLwusgx7afgOvg,12461,-498,4,201.9947509766,332.0758972168
NaWKUnfSMLwusgx7afgOvg,12531,-559,4,201.9947509766,333.0133972168
P6VZd_wKnHRacjqlPykcww,10155,-782,3,180.6474456787,282.4352722168
P6VZd_wKnHRacjqlPykcww,1906,-197,1,180.6474456787,47.5245552063
P6VZd_wKnHRacjqlPykcww,4255,-763,1,180.6474456787,101.2745513916
mdPooBw7ljGHuiD25T4Eog,5942,-143,1,316.9100952148,178
xUTHaz4y36WQAZfRGS5_wA,4234,-342,1,282.348815918,146.5535736084
xUTHaz4y36WQAZfRGS5_wA,3409,-106,1,282.348815918,94.9910736084
xUTHaz4y36WQAZfRGS5_wA,2786,-64,1,282.348815918,94.9910736084
HV4gT43_kUPsXMmO_SU3Og,11746,-671,1,275.1980285645,326.5535583496
HV4gT43_kUPsXMmO_SU3Og,8215,-245,3,275.1980285645,238.4285736084
HV4gT43_kUPsXMmO_SU3Og,5723,-591,1,275.1980285645,184.9910736084
HCqDACPY_vccF-dU8wW2HQ,8353,-1194,4,117.3857727051,209.5535736084
RRZajESb8MJM3s9wusvI_g,1978,-651,4,172.3479614258,56.0625
RRZajESb8MJM3s9wusvI_g,1303,-461,3,172.3479614258,56.0625
RRZajESb8MJM3s9wusvI_g,801,-296,1,172.3479614258,56.0625
RRZajESb8MJM3s9wusvI_g,12353,-575,1,172.3479614258,4.6875
Q5N6V-2qfvijyou62rDPQA,9865,-259,4,289.5579528809,273.9955444336
Q5N6V-2qfvijyou62rDPQA,9276,-292,3,289.5579528809,261.9486694336
Q5N6V-2qfvijyou62rDPQA,6110,-289,1,289.5579528809,183.03125
qF8tU4e5bsbvYE5PYyhxjg,4253,-455,3,80.0903930664,113.6071395874
NaWKUnfSMLwusgx7afgOvg,3532,-259,1,201.9947509766,108.9642868042
NaWKUnfSMLwusgx7afgOvg,1786,-108,4,201.9947509766,46.3727684021
P6VZd_wKnHRacjqlPykcww,12899,-146,1,180.6474456787,350.7388305664
P6VZd_wKnHRacjqlPykcww,2635,-349,1,180.6474456787,80.1138381958
mdPooBw7ljGHuiD25T4Eog,2125,-723,1,316.9100952148,67.1071395874
mdPooBw7ljGHuiD25T4Eog,8202,-170,1,316.9100952148,245.4107208252
mdPooBw7ljGHuiD25T4Eog,4053,-289,1,316.9100952148,128.1785736084
HV4gT43_kUPsXMmO_SU3Og,12372,-1647,1,275.1980285645,4.2410712242
HV4gT43_kUPsXMmO_SU3Og,10522,-177,1,275.1980285645,297.3035583496
HV4gT43_kUPsXMmO_SU3Og,8805,-233,6,275.1980285645,256.8035583496
Q5N6V-2qfvijyou62rDPQA,8222,-668,1,289.5579528809,233.1205291748
Q5N6V-2qfvijyou62rDPQA,6492,-466,1,289.5579528809,198.8348236084
qF8tU4e5bsbvYE5PYyhxjg,7150,-1195,1,80.0903930664,188.0714263916
qF8tU4e5bsbvYE5PYyhxjg,12892,-998,1,80.0903930664,358.1607055664
NaWKUnfSMLwusgx7afgOvg,6094,-115,3,201.9947509766,152.2678527832
NaWKUnfSMLwusgx7afgOvg,12223,-616,4,201.9947509766,328.2388305664
P6VZd_wKnHRacjqlPykcww,315,-117,1,180.6474456787,2.8816964626
mdPooBw7ljGHuiD25T4Eog,7937,-160,1,316.9100952148,220.1428527832
mdPooBw7ljGHuiD25T4Eog,5655,-159,1,316.9100952148,178
xUTHaz4y36WQAZfRGS5_wA,2957,-65,1,282.348815918,94.9910736084
xUTHaz4y36WQAZfRGS5_wA,2692,-192,1,282.348815918,94.9910736084
RRZajESb8MJM3s9wusvI_g,1017,-537,1,172.3479614258,56.0625
RRZajESb8MJM3s9wusvI_g,452,-257,1,172.3479614258,40.125
Q5N6V-2qfvijyou62rDPQA,6742,-542,1,289.5579528809,198.8348236084
qF8tU4e5bsbvYE5PYyhxjg,270,-771,1,80.0903930664,19.678571701
NaWKUnfSMLwusgx7afgOvg,2387,-210,3,201.9947509766,61.8883934021
NaWKUnfSMLwusgx7afgOvg,12199,-542,4,201.9947509766,332.0758972168
P6VZd_wKnHRacjqlPykcww,12687,-102,1,180.6474456787,2.8816964626
P6VZd_wKnHRacjqlPykcww,528,-146,1,180.6474456787,2.8816964626
P6VZd_wKnHRacjqlPykcww,2410,-276,1,180.6474456787,80.1138381958
8sPRxdLMEGvlWA8ybdsoLg,3309,-1139,1,343.8368835449,88
NcSBilkKonft8q3Rt-krJg,6281,-401,2,46.1042671204,168.3571472168
NcSBilkKonft8q3Rt-krJg,2481,-419,1,46.1042671204,76.3035736084
HV4gT43_kUPsXMmO_SU3Og,8480,-266,1,275.1980285645,256.8035583496
hwXIq6whqXYI-4z03CIKrw,12113,-443,1,23.0659046173,347.5535583496
RRZajESb8MJM3s9wusvI_g,1126,-562,3,172.3479614258,56.0625
RRZajESb8MJM3s9wusvI_g,12787,-249,1,172.3479614258,4.6875
Q5N6V-2qfvijyou62rDPQA,5807,-253,1,289.5579528809,168.03125
qF8tU4e5bsbvYE5PYyhxjg,6338,-916,1,80.0903930664,188.0714263916
qF8tU4e5bsbvYE5PYyhxjg,2328,-501,1,80.0903930664,76.4642868042
NaWKUnfSMLwusgx7afgOvg,5779,-161,3,201.9947509766,152.2678527832
NaWKUnfSMLwusgx7afgOvg,3259,-225,4,201.9947509766,92
P6VZd_wKnHRacjqlPykcww,12579,-398,1,180.6474456787,345.2924194336
P6VZd_wKnHRacjqlPykcww,12992,-143,1,180.6474456787,350.7388305664
P6VZd_wKnHRacjqlPykcww,3853,-552,1,180.6474456787,84.3995513916
mdPooBw7ljGHuiD25T4Eog,4512,-252,1,316.9100952148,128.1785736084
NcSBilkKonft8q3Rt-krJg,3402,-314,1,46.1042671204,97.1964263916
xUTHaz4y36WQAZfRGS5_wA,5587,-359,1,282.348815918,167.5535736084
xUTHaz4y36WQAZfRGS5_wA,3634,-319,1,282.348815918,94.9910736084
HV4gT43_kUPsXMmO_SU3Og,10745,-175,6,275.1980285645,297.3035583496
hwXIq6whqXYI-4z03CIKrw,3815,-809,4,23.0659046173,111.8660736084
HCqDACPY_vccF-dU8wW2HQ,9522,-844,4,117.3857727051,270.1160583496
P6VZd_wKnHRacjqlPykcww,9849,-745,3,180.6474456787,269.2209777832
mdPooBw7ljGHuiD25T4Eog,9175,-245,1,316.9100952148,261.6607055664
NcSBilkKonft8q3Rt-krJg,117,-576,1,46.1042671204,20.8571434021
HV4gT43_kUPsXMmO_SU3Og,6183,-450,1,275.1980285645,184.9910736084
hwXIq6whqXYI-4z03CIKrw,8226,-458,1,23.0659046173,232.4285736084
RRZajESb8MJM3s9wusvI_g,12561,-254,1,172.3479614258,4.6875
RRZajESb8MJM3s9wusvI_g,12189,-435,1,172.3479614258,4.6875
RRZajESb8MJM3s9wusvI_g,8497,-653,4,172.3479614258,227.625
RRZajESb8MJM3s9wusvI_g,7558,-356,4,172.3479614258,227.625
X0v6YnIo-t4nl5qUB0xhJg,2673,-640,4,180.5706939697,35.0625
X0v6YnIo-t4nl5qUB0xhJg,3221,-672,4,180.5706939697,77.4375
X0v6YnIo-t4nl5qUB0xhJg,5201,-352,4,180.5706939697,167.8125
X0v6YnIo-t4nl5qUB0xhJg,6070,-116,4,180.5706939697,167.8125
X0v6YnIo-t4nl5qUB0xhJg,8015,-411,1,180.5706939697,192.5625
X0v6YnIo-t4nl5qUB0xhJg,7409,-206,6,180.5706939697,217.5
X0v6YnIo-t4nl5qUB0xhJg,13067,-102,1,180.5706939697,357.75
4Wi6ruT_4Uv1JT_pCy00Wg,3710,-201,3,86.7975234985,116.6785736084
4Wi6ruT_4Uv1JT_pCy00Wg,3830,-270,3,86.7975234985,116.6785736084
4Wi6ruT_4Uv1JT_pCy00Wg,3546,-2,3,86.7975234985,105.1607131958
4Wi6ruT_4Uv1JT_pCy00Wg,71,-646,1,86.7975234985,18.553571701
4Wi6ruT_4Uv1JT_pCy00Wg,11458,-409,1,86.7975234985,333.1964416504
4Wi6ruT_4Uv1JT_pCy00Wg,9434,-50,3,86.7975234985,270.4285583496
4Wi6ruT_4Uv1JT_pCy00Wg,6036,-1149,1,86.7975234985,167.8392791748
A-eM226LYCgGNB1WLubj8Q,5651,-202,1,315.6326904297,174
A-eM226LYCgGNB1WLubj8Q,5637,-211,1,315.6326904297,167.5892791748
1M-oWMZG9LHB9BzBVZmpSg,1497,-685,4,270.5055541992,48.5535697937
1M-oWMZG9LHB9BzBVZmpSg,12339,-632,4,270.5055541992,337.3035583496
1M-oWMZG9LHB9BzBVZmpSg,9054,-223,4,270.5055541992,245.7857208252
1M-oWMZG9LHB9BzBVZmpSg,9207,-123,4,270.5055541992,245.7857208252
1M-oWMZG9LHB9BzBVZmpSg,7014,-794,4,270.5055541992,192.4821472168
1M-oWMZG9LHB9BzBVZmpSg,6528,-846,4,270.5055541992,177.6607208252
z0_9r7ZtLk0IaZjJs5GNUQ,2041,-898,4,177.6920776367,61.9464302063
z0_9r7ZtLk0IaZjJs5GNUQ,2035,-878,1,177.6920776367,61.9464302063
z0_9r7ZtLk0IaZjJs5GNUQ,2429,-793,4,177.6920776367,61.9464302063
z0_9r7ZtLk0IaZjJs5GNUQ,2769,-342,1,177.6920776367,61.9464302063
z0_9r7ZtLk0IaZjJs5GNUQ,3044,-155,4,177.6920776367,61.9464302063
z0_9r7ZtLk0IaZjJs5GNUQ,3047,-163,1,177.6920776367,61.9464302063
z0_9r7ZtLk0IaZjJs5GNUQ,2315,-192,1,177.6920776367,66.0535736084
z0_9r7ZtLk0IaZjJs5GNUQ,1503,-339,1,177.6920776367,40.875
z0_9r7ZtLk0IaZjJs5GNUQ,726,-416,1,177.6920776367,40.875
z0_9r7ZtLk0IaZjJs5GNUQ,12423,-390,1,177.6920776367,350.1607055664
z0_9r7ZtLk0IaZjJs5GNUQ,12206,-298,4,177.6920776367,346.5
z0_9r7ZtLk0IaZjJs5GNUQ,12608,-234,4,177.6920776367,346.5
z0_9r7ZtLk0IaZjJs5GNUQ,10324,-692,4,177.6920776367,289.4464416504
z0_9r7ZtLk0IaZjJs5GNUQ,10481,-1042,1,177.6920776367,289.4464416504
z0_9r7ZtLk0IaZjJs5GNUQ,10967,-640,1,177.6920776367,289.4464416504
z0_9r7ZtLk0IaZjJs5GNUQ,10970,-634,1,177.6920776367,289.4464416504
z0_9r7ZtLk0IaZjJs5GNUQ,6076,-171,4,177.6920776367,178.5535736084
z0_9r7ZtLk0IaZjJs5GNUQ,46,-133,1,177.6920776367,19.8928565979
ahUKE1pQ525KX6KVWrnLiA,10584,-1242,1,183.1432342529,292.9285583496
ahUKE1pQ525KX6KVWrnLiA,8668,-509,1,183.1432342529,246.9464263916
ahUKE1pQ525KX6KVWrnLiA,7577,-256,1,183.1432342529,219.9821472168
ahUKE1pQ525KX6KVWrnLiA,7203,-227,1,183.1432342529,219.9821472168
ahUKE1pQ525KX6KVWrnLiA,7264,-236,1,183.1432342529,219.9821472168
ahUKE1pQ525KX6KVWrnLiA,7322,-182,3,183.1432342529,209.1785736084
ahUKE1pQ525KX6KVWrnLiA,5830,-259,1,183.1432342529,168.2857208252
ahUKE1pQ525KX6KVWrnLiA,5333,-289,1,183.1432342529,168.2857208252
ahUKE1pQ525KX6KVWrnLiA,3931,-415,1,183.1432342529,114.5357131958
ahUKE1pQ525KX6KVWrnLiA,3590,-381,1,183.1432342529,114.5357131958
ahUKE1pQ525KX6KVWrnLiA,2994,-727,1,183.1432342529,102.5714263916
ao8B9Ps_ohoCKSBI2W3KIg,4673,-667,4,30.3239250183,145.9642791748
8PcozCwEjChwwapxjWZ7gg,835,-526,1,137.068069458,13.7767858505
8PcozCwEjChwwapxjWZ7gg,1873,-85,1,137.068069458,45.7455368042
8PcozCwEjChwwapxjWZ7gg,3757,-452,1,137.068069458,89.5736618042
N9xQGBPepJZZ6WWnsmqhOA,12585,-301,3,270.1789550781,327.8236694336
N9xQGBPepJZZ6WWnsmqhOA,7601,-1118,1,270.1789550781,223.9486541748
8sPRxdLMEGvlWA8ybdsoLg,8828,-368,1,343.8368835449,240.375
StjXR2xuruJsCG6HmP96IQ,7481,-379,1,327.181854248,218.6071472168
qd8YQARWNC-gHeV54FUOuw,3892,-152,1,101.5851211548,94.1785736084
vZ24NBC7wU5Ky0omukRPmg,5873,-514,1,16.6328773499,174.2924041748
vZ24NBC7wU5Ky0omukRPmg,6813,-192,3,16.6328773499,176.3459777832
vZ24NBC7wU5Ky0omukRPmg,2625,-753,1,16.6328773499,54.6316947937
FsbuhMNATM2yDyTFC_dNCA,10835,-521,1,12.7093915939,294.6316833496
FsbuhMNATM2yDyTFC_dNCA,12130,-344,1,12.7093915939,308.6941833496
ao8B9Ps_ohoCKSBI2W3KIg,2686,-394,4,30.3239250183,72.0892868042
8PcozCwEjChwwapxjWZ7gg,2517,-201,1,137.068069458,57.4642868042
3M_aJ1MNc8tbtp3Mbaq3iA,5936,-170,1,180.1351928711,168.125
zQfVlm07m4-nKLmRPskd2A,10340,-198,1,88.7167739868,277.7589416504
zQfVlm07m4-nKLmRPskd2A,10917,-210,1,88.7167739868,286.5089416504
zQfVlm07m4-nKLmRPskd2A,4187,-207,3,88.7167739868,111.1696395874
StjXR2xuruJsCG6HmP96IQ,9297,-337,1,327.181854248,218.6071472168
StjXR2xuruJsCG6HmP96IQ,7860,-352,1,327.181854248,218.6071472168
StjXR2xuruJsCG6HmP96IQ,1402,-1258,1,327.181854248,54.9196434021
XH3PKpef1StzAzvHO3I_nQ,2035,-336,4,22.8083572388,88.6696395874
XH3PKpef1StzAzvHO3I_nQ,3636,-900,4,22.8083572388,88.6696395874
XH3PKpef1StzAzvHO3I_nQ,4834,-872,4,22.8083572388,88.6696395874
XH3PKpef1StzAzvHO3I_nQ,6383,-366,4,22.8083572388,141.3571472168
qd8YQARWNC-gHeV54FUOuw,2830,-294,1,101.5851211548,94.5357131958
vZ24NBC7wU5Ky0omukRPmg,11543,-656,1,16.6328773499,293.7299194336
FsbuhMNATM2yDyTFC_dNCA,9461,-485,1,12.7093915939,294.6316833496
FsbuhMNATM2yDyTFC_dNCA,454,-375,1,12.7093915939,340.7566833496
FsbuhMNATM2yDyTFC_dNCA,2597,-725,1,12.7093915939,33.4441947937
ao8B9Ps_ohoCKSBI2W3KIg,2422,-296,4,30.3239250183,72.0892868042
8PcozCwEjChwwapxjWZ7gg,2178,-178,1,137.068069458,47.2455368042
8PcozCwEjChwwapxjWZ7gg,1885,-53,1,137.068069458,47.2455368042
8PcozCwEjChwwapxjWZ7gg,2275,-153,1,137.068069458,57.4642868042
N9xQGBPepJZZ6WWnsmqhOA,12050,-515,1,270.1789550781,327.8236694336
N9xQGBPepJZZ6WWnsmqhOA,2091,-509,4,270.1789550781,63.4486618042
3M_aJ1MNc8tbtp3Mbaq3iA,7015,-131,6,180.1351928711,181.671875
zQfVlm07m4-nKLmRPskd2A,10981,-500,3,88.7167739868,277.7589416504
zQfVlm07m4-nKLmRPskd2A,9781,-151,1,88.7167739868,277.7589416504
zQfVlm07m4-nKLmRPskd2A,10896,-279,1,88.7167739868,286.5089416504
XH3PKpef1StzAzvHO3I_nQ,1854,-88,1,22.8083572388,69.7321395874
TNul8gYBaO3DW3v49uaAqA,8118,-423,4,270.7029418945,247.4821472168
5e4EG0hVJJzVlxZA0E5t9A,9296,-606,3,98.0391159058,255.3571472168
5e4EG0hVJJzVlxZA0E5t9A,5143,-661,3,98.0391159058,108.9196395874
qd8YQARWNC-gHeV54FUOuw,4040,-168,1,101.5851211548,104.9821395874
NuzuwiTtJrM2mORY9lVOzg,9538,-363,1,0.0581363067,268.6495666504
NuzuwiTtJrM2mORY9lVOzg,3842,-1003,1,0.0581363067,123.203125
8PcozCwEjChwwapxjWZ7gg,1711,-37,1,137.068069458,47.2455368042
8PcozCwEjChwwapxjWZ7gg,8729,-1324,1,137.068069458,223.0111541748
3M_aJ1MNc8tbtp3Mbaq3iA,104,-11,1,180.1351928711,5.8370537758
zQfVlm07m4-nKLmRPskd2A,9128,-466,1,88.7167739868,242.4017791748
zQfVlm07m4-nKLmRPskd2A,9351,-223,1,88.7167739868,242.4017791748
zQfVlm07m4-nKLmRPskd2A,8940,-508,3,88.7167739868,261.3303527832
XH3PKpef1StzAzvHO3I_nQ,1998,-182,1,22.8083572388,69.7321395874
XH3PKpef1StzAzvHO3I_nQ,2572,-622,4,22.8083572388,88.6696395874
5e4EG0hVJJzVlxZA0E5t9A,10001,-268,3,98.0391159058,255.3571472168
qd8YQARWNC-gHeV54FUOuw,4468,-372,4,101.5851211548,126.9196395874
qd8YQARWNC-gHeV54FUOuw,3847,-136,1,101.5851211548,104.9821395874
vZ24NBC7wU5Ky0omukRPmg,6202,-409,4,16.6328773499,141.2566986084
FsbuhMNATM2yDyTFC_dNCA,1086,-366,1,12.7093915939,9.819196701
NuzuwiTtJrM2mORY9lVOzg,5885,-372,1,0.0581363067,181.140625
8PcozCwEjChwwapxjWZ7gg,1662,-69,1,137.068069458,44.7142868042
N9xQGBPepJZZ6WWnsmqhOA,12588,-418,3,270.1789550781,327.8236694336
N9xQGBPepJZZ6WWnsmqhOA,10847,-94,1,270.1789550781,309.4486694336
3M_aJ1MNc8tbtp3Mbaq3iA,6068,-122,1,180.1351928711,168.125
3M_aJ1MNc8tbtp3Mbaq3iA,101,23,1,180.1351928711,0.727678597
zQfVlm07m4-nKLmRPskd2A,7446,-742,4,88.7167739868,203.6517791748
zQfVlm07m4-nKLmRPskd2A,8862,-382,1,88.7167739868,242.4017791748
zQfVlm07m4-nKLmRPskd2A,9561,-221,1,88.7167739868,242.4017791748
zQfVlm07m4-nKLmRPskd2A,12714,-135,1,88.7167739868,330.4375
StjXR2xuruJsCG6HmP96IQ,4752,-499,1,327.181854248,142.4821472168
XH3PKpef1StzAzvHO3I_nQ,5951,-625,4,22.8083572388,141.3571472168
XH3PKpef1StzAzvHO3I_nQ,6561,-195,4,22.8083572388,141.3571472168
qd8YQARWNC-gHeV54FUOuw,3244,-114,1,101.5851211548,104.9821395874
qd8YQARWNC-gHeV54FUOuw,4145,-308,1,101.5851211548,94.5357131958
vZ24NBC7wU5Ky0omukRPmg,1748,-537,3,16.6328773499,35.5066947937
NuzuwiTtJrM2mORY9lVOzg,8733,-275,1,0.0581363067,270.2566833496
8PcozCwEjChwwapxjWZ7gg,3365,-224,1,137.068069458,89.5736618042
N9xQGBPepJZZ6WWnsmqhOA,12245,-957,1,270.1789550781,327.8236694336
3M_aJ1MNc8tbtp3Mbaq3iA,6172,-118,1,180.1351928711,168.125
zQfVlm07m4-nKLmRPskd2A,10405,-262,1,88.7167739868,277.7589416504
zQfVlm07m4-nKLmRPskd2A,10832,-483,1,88.7167739868,277.7589416504
qd8YQARWNC-gHeV54FUOuw,8192,-775,4,101.5851211548,218.6071472168
qd8YQARWNC-gHeV54FUOuw,3012,-130,1,101.5851211548,104.9821395874
qd8YQARWNC-gHeV54FUOuw,3308,-30,4,101.5851211548,91.9799118042
vZ24NBC7wU5Ky0omukRPmg,10870,-523,4,16.6328773499,279.4799194336
vZ24NBC7wU5Ky0omukRPmg,6478,-381,3,16.6328773499,176.3459777832
vZ24NBC7wU5Ky0omukRPmg,6699,-287,3,16.6328773499,171.2566986084
FsbuhMNATM2yDyTFC_dNCA,3267,-1024,3,12.7093915939,85.5691986084
NuzuwiTtJrM2mORY9lVOzg,3282,-309,3,0.0581363067,67.140625
ssUTLnwY8Rqu39gv9h7v0g,2159,-570,3,91.3531417847,46.1964302063
EL3Nsazejy-Smu39GCP_jA,9367,-369,1,250.7014465332,227.8839263916
EL3Nsazejy-Smu39GCP_jA,9094,-350,1,250.7014465332,227.8839263916
EL3Nsazejy-Smu39GCP_jA,8033,-362,1,250.7014465332,227.8839263916
EL3Nsazejy-Smu39GCP_jA,8042,-306,3,250.7014465332,227.8839263916
EL3Nsazejy-Smu39GCP_jA,4678,-620,1,250.7014465332,128.3214263916
EL3Nsazejy-Smu39GCP_jA,5186,-614,3,250.7014465332,128.3214263916
EL3Nsazejy-Smu39GCP_jA,2795,-19,3,250.7014465332,87.8214263916
EL3Nsazejy-Smu39GCP_jA,1138,-710,1,250.7014465332,66.2589263916
EL3Nsazejy-Smu39GCP_jA,12428,-934,1,250.7014465332,358.9464416504
EL3Nsazejy-Smu39GCP_jA,12900,-976,3,250.7014465332,358.9464416504
zDmf8f6Iqlfyj_PdW8TLOA,3639,-205,1,90.8865203857,99.8571395874
_qg5P89hzwp0axOVHCIwaQ,7968,-726,3,98.0425720215,214.078125
_qg5P89hzwp0axOVHCIwaQ,6912,-728,3,98.0425720215,214.078125
_qg5P89hzwp0axOVHCIwaQ,1780,-726,3,98.0425720215,56.4709815979
_qg5P89hzwp0axOVHCIwaQ,12303,-712,3,98.0425720215,317.4709777832
_qg5P89hzwp0axOVHCIwaQ,9680,-304,3,98.0425720215,249.2209777832
ofSFG91rxvk_0A58spkHQw,6918,-390,4,132.149597168,185.2834777832
ofSFG91rxvk_0A58spkHQw,12937,-446,1,132.149597168,5.6584820747
ofSFG91rxvk_0A58spkHQw,12383,-284,1,132.149597168,5.6584820747
GtqKGApQz9EmcJmmhmw8aw,3925,-356,4,85.6780090332,91.0625
R8_bXzGLA2uYFNYrlSdPNA,11504,-423,4,4.6295323372,283.0625
R8_bXzGLA2uYFNYrlSdPNA,10452,-625,4,4.6295323372,283.0625
R8_bXzGLA2uYFNYrlSdPNA,9224,-733,4,4.6295323372,283.0625
R8_bXzGLA2uYFNYrlSdPNA,8956,-715,4,4.6295323372,230
R8_bXzGLA2uYFNYrlSdPNA,4165,-846,4,4.6295323372,101.9375
R8_bXzGLA2uYFNYrlSdPNA,2381,-719,4,4.6295323372,101.9375
C9vhnD8LMcdg68212deDgg,12234,-344,3,0.6562392712,354.6875
C9vhnD8LMcdg68212deDgg,11837,-444,3,0.6562392712,298.625
C9vhnD8LMcdg68212deDgg,7218,-207,3,0.6562392712,196.0625
C9vhnD8LMcdg68212deDgg,6986,-120,1,0.6562392712,184.25
C9vhnD8LMcdg68212deDgg,6476,-95,6,0.6562392712,175.625
C9vhnD8LMcdg68212deDgg,4030,-816,3,0.6562392712,117.3549118042
zDmf8f6Iqlfyj_PdW8TLOA,506,-573,4,90.8865203857,356.5513305664
zDmf8f6Iqlfyj_PdW8TLOA,3516,-187,1,90.8865203857,99.8571395874
zDmf8f6Iqlfyj_PdW8TLOA,3752,-267,1,90.8865203857,99.8571395874
zDmf8f6Iqlfyj_PdW8TLOA,3628,-281,1,90.8865203857,99.8571395874
zDmf8f6Iqlfyj_PdW8TLOA,2919,-203,1,90.8865203857,88.2321395874
zDmf8f6Iqlfyj_PdW8TLOA,3031,-199,1,90.8865203857,88.2321395874
zDmf8f6Iqlfyj_PdW8TLOA,2731,-259,6,90.8865203857,81.0133895874
0KjoViF5xreeiPSb1RuThQ,2963,-446,1,298.8466186523,91.4866104126
0KjoViF5xreeiPSb1RuThQ,1116,-741,1,298.8466186523,19.6741065979
0KjoViF5xreeiPSb1RuThQ,652,-758,3,298.8466186523,19.6741065979
0KjoViF5xreeiPSb1RuThQ,12715,-542,4,298.8466186523,338.2366027832
mcGEC4h-r2mfS5OU_pGRAw,4497,-398,1,51.6465835571,125.4241104126
mcGEC4h-r2mfS5OU_pGRAw,2537,-474,1,51.6465835571,97.4866104126
mcGEC4h-r2mfS5OU_pGRAw,12511,-1126,1,51.6465835571,351.9330444336
mcGEC4h-r2mfS5OU_pGRAw,6906,-779,1,51.6465835571,223.6830291748
b2fv8OKq7fFQIqK73-ZpwQ,5839,-517,1,309.0542297363,120.9330368042
b2fv8OKq7fFQIqK73-ZpwQ,8918,-446,3,309.0542297363,272.9955444336
70aKIFghWmt-1fCIsErzOA,724,-538,1,247.7928771973,52.5625
70aKIFghWmt-1fCIsErzOA,10361,-488,1,247.7928771973,287.3125
tt_5e5ZZFpocxgQNLAT0RA,3060,-526,1,315.7219848633,73.75
tt_5e5ZZFpocxgQNLAT0RA,1370,-390,1,315.7219848633,73.75
tt_5e5ZZFpocxgQNLAT0RA,11726,-491,1,315.7219848633,330.8125
fBQi6TAbctsnuXEkgTjU7g,6488,-119,1,359.2653198242,183.4375
3erh3vK5MThXzSEs2vJR7A,11332,-541,1,8.4994182587,336.3125
3erh3vK5MThXzSEs2vJR7A,7877,-248,4,8.4994182587,213.125
wns40JVZF72wLOUfccoeJw,5159,-533,1,222.2204284668,141.6875
CYu83kJvDRndmT5dH6q7jw,2218,-424,1,267.2110900879,90
4nRl1ZVeipeFP-zhvOKfow,4942,-466,1,277.6764526367,164.25
4nRl1ZVeipeFP-zhvOKfow,7831,-346,1,277.6764526367,195.5625
4nRl1ZVeipeFP-zhvOKfow,9831,-219,1,277.6764526367,246
Wrg5WrTPK6xht9Nsl5MUoQ,6713,-215,1,343.9183349609,190.5089263916
Wrg5WrTPK6xht9Nsl5MUoQ,12112,-33,1,343.9183349609,322.0714416504
iZwgWU5kUk59Kdq06xK-eg,3011,-219,1,272.518371582,83.0558013916
iZwgWU5kUk59Kdq06xK-eg,3633,-140,1,272.518371582,88.6808013916
iZwgWU5kUk59Kdq06xK-eg,3683,-174,1,272.518371582,106.2120513916
iZwgWU5kUk59Kdq06xK-eg,4870,-137,1,272.518371582,132.5558013916
iZwgWU5kUk59Kdq06xK-eg,5703,-138,1,272.518371582,158.7589263916
iZwgWU5kUk59Kdq06xK-eg,9249,-405,1,272.518371582,249.5558013916
iZwgWU5kUk59Kdq06xK-eg,11288,-394,1,272.518371582,264.7433166504
saav4lnX9Z-VHhOQBEiaHQ,8157,-170,1,241.5557861328,215.8995513916
saav4lnX9Z-VHhOQBEiaHQ,8811,-238,1,241.5557861328,227.1964263916
saav4lnX9Z-VHhOQBEiaHQ,8926,-179,1,241.5557861328,233.2901763916
saav4lnX9Z-VHhOQBEiaHQ,9187,-183,1,241.5557861328,242.6651763916
b2fv8OKq7fFQIqK73-ZpwQ,9204,-700,1,309.0542297363,272.9955444336
b2fv8OKq7fFQIqK73-ZpwQ,6820,-501,1,309.0542297363,203.0580291748
xiVRTIG_WWNOiDaxbgqYtA,2441,-413,4,91.3206253052,66.3705368042
70aKIFghWmt-1fCIsErzOA,6261,-713,1,247.7928771973,127
70aKIFghWmt-1fCIsErzOA,3634,-284,1,247.7928771973,127
tt_5e5ZZFpocxgQNLAT0RA,3370,-636,1,315.7219848633,73.75
tt_5e5ZZFpocxgQNLAT0RA,1703,-389,1,315.7219848633,73.75
fBQi6TAbctsnuXEkgTjU7g,10402,-493,4,359.2653198242,252.578125
fBQi6TAbctsnuXEkgTjU7g,12989,-56,1,359.2653198242,2.0669643879
3erh3vK5MThXzSEs2vJR7A,954,-150,1,8.4994182587,54.875
3erh3vK5MThXzSEs2vJR7A,13007,-139,2,8.4994182587,9.5
3erh3vK5MThXzSEs2vJR7A,8654,-501,1,8.4994182587,253.8125
bJsTEjAYwaDoprW09eqAXw,1420,-794,3,90.0773162842,36.1875
4nRl1ZVeipeFP-zhvOKfow,5411,-386,1,277.6764526367,164.25
4nRl1ZVeipeFP-zhvOKfow,8542,-280,1,277.6764526367,195.5625
4nRl1ZVeipeFP-zhvOKfow,9517,-175,4,277.6764526367,247.2946472168
iZwgWU5kUk59Kdq06xK-eg,3338,-176,1,272.518371582,83.0558013916
iZwgWU5kUk59Kdq06xK-eg,4851,-121,6,272.518371582,128.5245513916
iZwgWU5kUk59Kdq06xK-eg,5019,-158,1,272.518371582,128.5245513916
iZwgWU5kUk59Kdq06xK-eg,5036,-166,1,272.518371582,132.5558013916
iZwgWU5kUk59Kdq06xK-eg,5040,-168,1,272.518371582,138.7901763916
iZwgWU5kUk59Kdq06xK-eg,4879,-140,1,272.518371582,138.7901763916
iZwgWU5kUk59Kdq06xK-eg,5410,-139,1,272.518371582,147.3683013916
iZwgWU5kUk59Kdq06xK-eg,9261,-393,6,272.518371582,249.5558013916
saav4lnX9Z-VHhOQBEiaHQ,9283,-201,1,241.5557861328,253.2120513916
b2fv8OKq7fFQIqK73-ZpwQ,6726,-526,1,309.0542297363,203.0580291748
dVUXrLDjVqeSqeYmjjaXpQ,8375,-883,1,295.1568908691,238.4419708252
PW6znpeG_HthFG4b6Gl5BQ,13272,-487,1,116.0823287964,356.375
PW6znpeG_HthFG4b6Gl5BQ,2022,-300,1,116.0823287964,24.5
PW6znpeG_HthFG4b6Gl5BQ,3965,-395,1,116.0823287964,91.625
PW6znpeG_HthFG4b6Gl5BQ,9086,-1230,1,116.0823287964,216.5
CYu83kJvDRndmT5dH6q7jw,2745,-179,1,267.2110900879,90
Wrg5WrTPK6xht9Nsl5MUoQ,7123,-476,4,343.9183349609,170.3125
iZwgWU5kUk59Kdq06xK-eg,3629,-160,1,272.518371582,91.8214263916
iZwgWU5kUk59Kdq06xK-eg,11333,-424,1,272.518371582,310.8683166504
70aKIFghWmt-1fCIsErzOA,4024,-262,1,247.7928771973,127
70aKIFghWmt-1fCIsErzOA,1481,-502,1,247.7928771973,52.5625
fBQi6TAbctsnuXEkgTjU7g,296,-90,4,359.2653198242,3.4263393879
dVUXrLDjVqeSqeYmjjaXpQ,5788,-187,1,295.1568908691,152.0044708252
dVUXrLDjVqeSqeYmjjaXpQ,7280,-307,1,295.1568908691,160.2544708252
dVUXrLDjVqeSqeYmjjaXpQ,1741,-553,1,295.1568908691,29.1919651031
8sPRxdLMEGvlWA8ybdsoLg,477,-490,1,343.8368835449,332.5625
wns40JVZF72wLOUfccoeJw,5202,-539,1,222.2204284668,141.6875
4nRl1ZVeipeFP-zhvOKfow,11052,-856,1,277.6764526367,304.7165222168
iZwgWU5kUk59Kdq06xK-eg,5166,-180,1,272.518371582,138.7901763916
iZwgWU5kUk59Kdq06xK-eg,11291,-674,1,272.518371582,310.8683166504
saav4lnX9Z-VHhOQBEiaHQ,8730,-168,1,241.5557861328,233.2901763916
saav4lnX9Z-VHhOQBEiaHQ,9388,-254,1,241.5557861328,242.6651763916
70aKIFghWmt-1fCIsErzOA,10972,-333,1,247.7928771973,325.9375
70aKIFghWmt-1fCIsErzOA,7386,-819,1,247.7928771973,238.75
fBQi6TAbctsnuXEkgTjU7g,9825,-540,4,359.2653198242,252.578125
fBQi6TAbctsnuXEkgTjU7g,11241,-443,4,359.2653198242,281.453125
fBQi6TAbctsnuXEkgTjU7g,12524,-164,4,359.2653198242,337.4441833496
dVUXrLDjVqeSqeYmjjaXpQ,5132,-353,1,295.1568908691,152.0044708252
dVUXrLDjVqeSqeYmjjaXpQ,6813,-162,1,295.1568908691,160.2544708252
PW6znpeG_HthFG4b6Gl5BQ,12814,-590,1,116.0823287964,356.375
PW6znpeG_HthFG4b6Gl5BQ,1692,-317,1,116.0823287964,24.5
PW6znpeG_HthFG4b6Gl5BQ,3526,-402,1,116.0823287964,61.4375
3erh3vK5MThXzSEs2vJR7A,637,-157,1,8.4994182587,54.875
4nRl1ZVeipeFP-zhvOKfow,9312,-167,4,277.6764526367,247.2946472168
4nRl1ZVeipeFP-zhvOKfow,9026,-121,4,277.6764526367,242.1852722168
Wrg5WrTPK6xht9Nsl5MUoQ,6325,-252,1,343.9183349609,190.5089263916
iZwgWU5kUk59Kdq06xK-eg,5715,-171,1,272.518371582,149.4308013916
iZwgWU5kUk59Kdq06xK-eg,5721,-146,1,272.518371582,164.3370513916
iZwgWU5kUk59Kdq06xK-eg,9460,-299,1,272.518371582,232.4933013916
iZwgWU5kUk59Kdq06xK-eg,10754,-250,1,272.518371582,264.7433166504
saav4lnX9Z-VHhOQBEiaHQ,8076,-172,1,241.5557861328,215.8995513916
saav4lnX9Z-VHhOQBEiaHQ,8173,-223,1,241.5557861328,215.8995513916
tt_5e5ZZFpocxgQNLAT0RA,12287,-492,1,315.7219848633,0.625
tt_5e5ZZFpocxgQNLAT0RA,9484,-718,1,315.7219848633,256.75
fBQi6TAbctsnuXEkgTjU7g,5860,-439,4,359.2653198242,185.3125
fBQi6TAbctsnuXEkgTjU7g,12854,-69,4,359.2653198242,337.4441833496
dVUXrLDjVqeSqeYmjjaXpQ,7291,-197,1,295.1568908691,160.2544708252
dVUXrLDjVqeSqeYmjjaXpQ,12266,-497,1,295.1568908691,305.1919555664
dVUXrLDjVqeSqeYmjjaXpQ,12902,-454,1,295.1568908691,337.6294555664
Tg0UYfCBxL1ZGZZ1prTtqA,8976,-853,2,315.7953186035,254.0446472168
dVUXrLDjVqeSqeYmjjaXpQ,2298,-530,3,295.1568908691,29.1919651031
dVUXrLDjVqeSqeYmjjaXpQ,3348,-401,1,295.1568908691,122.0044631958
PW6znpeG_HthFG4b6Gl5BQ,6844,-1289,1,116.0823287964,158.1875
PW6znpeG_HthFG4b6Gl5BQ,9704,-342,3,116.0823287964,270.5
4nRl1ZVeipeFP-zhvOKfow,8829,-101,4,277.6764526367,242.1852722168
Wrg5WrTPK6xht9Nsl5MUoQ,6422,-237,1,343.9183349609,190.5089263916
Wrg5WrTPK6xht9Nsl5MUoQ,6328,-266,4,343.9183349609,190.5089263916
Wrg5WrTPK6xht9Nsl5MUoQ,11973,-66,1,343.9183349609,322.0714416504
saav4lnX9Z-VHhOQBEiaHQ,9427,-273,1,241.5557861328,253.2120513916
Ebu1qTC2qsPM5a51ct4T5g,6547,-293,2,166.4410552979,185.4375
Ebu1qTC2qsPM5a51ct4T5g,6713,-305,4,166.4410552979,188.4375
C2ArtRTlgvVJswjb_egxeQ,618,-709,2,270.1072692871,351.625
C2ArtRTlgvVJswjb_egxeQ,12223,-639,2,270.1072692871,351.625
da6e7v5cS5EfUQiUmpkCSg,9240,-436,2,224.3502655029,232.75
da6e7v5cS5EfUQiUmpkCSg,7832,-385,2,224.3502655029,232.75
da6e7v5cS5EfUQiUmpkCSg,7123,-352,1,224.3502655029,172.75
da6e7v5cS5EfUQiUmpkCSg,3098,-772,1,224.3502655029,104.875
z4c_pAaqVvJj_SqgiuFK3A,4387,-569,1,168.2793273926,107.8683013916
z4c_pAaqVvJj_SqgiuFK3A,286,-317,1,168.2793273926,6.8861608505
z4c_pAaqVvJj_SqgiuFK3A,321,-305,2,168.2793273926,6.8861608505
z4c_pAaqVvJj_SqgiuFK3A,10387,-1568,1,168.2793273926,296.0647277832
OhT9AkA_t6Am6IT81h11iA,3088,-229,1,290.7543334961,78.0558013916
OhT9AkA_t6Am6IT81h11iA,2003,-41,2,290.7543334961,55.0870552063
OhT9AkA_t6Am6IT81h11iA,1799,-105,2,290.7543334961,55.0870552063
OhT9AkA_t6Am6IT81h11iA,1748,-130,3,290.7543334961,55.0870552063
OhT9AkA_t6Am6IT81h11iA,1686,-263,2,290.7543334961,47.3058052063
OhT9AkA_t6Am6IT81h11iA,3650,-298,1,290.7543334961,101.4397354126
OhT9AkA_t6Am6IT81h11iA,6373,-476,2,290.7543334961,173.6026763916
XNUdc2mm7ozwMAk-j4Mndw,8650,-1208,2,107.741973877,237.8526763916
XNUdc2mm7ozwMAk-j4Mndw,11411,-409,2,107.741973877,292.2276916504
XNUdc2mm7ozwMAk-j4Mndw,11557,-378,7,107.741973877,292.2276916504
XNUdc2mm7ozwMAk-j4Mndw,8161,-1113,7,107.741973877,194.1651763916
XNUdc2mm7ozwMAk-j4Mndw,6208,-564,7,107.741973877,194.1651763916
XNUdc2mm7ozwMAk-j4Mndw,8647,-113,7,107.741973877,194.1651763916
XNUdc2mm7ozwMAk-j4Mndw,11786,-106,7,107.741973877,292.2276916504
XNUdc2mm7ozwMAk-j4Mndw,11898,-75,7,107.741973877,295.4151916504
XNUdc2mm7ozwMAk-j4Mndw,12860,-292,2,107.741973877,347.3995666504
XNUdc2mm7ozwMAk-j4Mndw,13216,-221,4,107.741973877,5.5714287758
XNUdc2mm7ozwMAk-j4Mndw,11802,-337,2,107.741973877,321.5535583496
Tg0UYfCBxL1ZGZZ1prTtqA,11962,-634,2,315.7953186035,322.1071472168
Tg0UYfCBxL1ZGZZ1prTtqA,8110,-841,2,315.7953186035,254.0446472168
Tg0UYfCBxL1ZGZZ1prTtqA,8948,-673,3,315.7953186035,254.0446472168
Tg0UYfCBxL1ZGZZ1prTtqA,9877,-173,3,315.7953186035,254.0446472168
Tg0UYfCBxL1ZGZZ1prTtqA,4755,-622,2,315.7953186035,116.7946395874
Tg0UYfCBxL1ZGZZ1prTtqA,4557,-558,7,315.7953186035,116.7946395874
Tg0UYfCBxL1ZGZZ1prTtqA,3855,-271,7,315.7953186035,116.7946395874
Tg0UYfCBxL1ZGZZ1prTtqA,3510,-50,7,315.7953186035,116.7946395874
Tg0UYfCBxL1ZGZZ1prTtqA,3392,53,7,315.7953186035,116.7946395874
Tg0UYfCBxL1ZGZZ1prTtqA,2724,-66,2,315.7953186035,72.4977645874
Tg0UYfCBxL1ZGZZ1prTtqA,3332,-3,2,315.7953186035,85.0602645874
q9cZRfYV8pku_0lHGXawEQ,10058,-455,2,296.8284301758,285.46875
q9cZRfYV8pku_0lHGXawEQ,3446,-976,2,296.8284301758,110.90625
q9cZRfYV8pku_0lHGXawEQ,5800,-364,2,296.8284301758,129.46875
7Nm83eNWhDpo1Au27Qw1qA,8479,-642,2,178.7617340088,228.1964263916
7Nm83eNWhDpo1Au27Qw1qA,7731,-597,2,178.7617340088,228.1964263916
7Nm83eNWhDpo1Au27Qw1qA,11539,-726,7,178.7617340088,321.5714416504
7Nm83eNWhDpo1Au27Qw1qA,13000,-143,7,178.7617340088,321.5714416504
7Nm83eNWhDpo1Au27Qw1qA,9489,-185,7,178.7617340088,276.1964416504
kEe57krKXVdJSB_epVDnMA,6602,-482,1,270.0977172852,198.3839263916
kEe57krKXVdJSB_epVDnMA,11868,-507,1,270.0977172852,334.3392944336
kEe57krKXVdJSB_epVDnMA,6299,-322,3,270.0977172852,176.0535736084
EuE9l3upJLYZc0TkNgpeLQ,6736,-463,2,169.0718994141,191.3638458252
EuE9l3upJLYZc0TkNgpeLQ,9350,-427,7,169.0718994141,259.0848083496
EuE9l3upJLYZc0TkNgpeLQ,5670,-269,2,169.0718994141,156.7767791748
TNUrQtVnmTG99hJuSwDYHg,10277,-645,1,103.55078125,299.6875
TNUrQtVnmTG99hJuSwDYHg,6307,-649,2,103.55078125,187.9375
TNUrQtVnmTG99hJuSwDYHg,4505,-578,3,103.55078125,97.1875
1-2MNgRG-iN6DwktcIRE_g,3204,-226,2,130.8731384277,112.9375
1-2MNgRG-iN6DwktcIRE_g,1949,-143,1,130.8731384277,55.75
4771YFmFGjOsfbO2JNF3Xw,4925,-475,2,264.71875,151.75
ZF57WmU4GQL0kwTtkimpfA,1982,-225,3,246.3669281006,58.9375
ZF57WmU4GQL0kwTtkimpfA,1743,-324,3,246.3669281006,58.9375
ZF57WmU4GQL0kwTtkimpfA,1947,-236,3,246.3669281006,58.9375
ZF57WmU4GQL0kwTtkimpfA,2265,-83,3,246.3669281006,56.640625
7Nm83eNWhDpo1Au27Qw1qA,11866,-837,2,178.7617340088,337.6964416504
7Nm83eNWhDpo1Au27Qw1qA,11114,-763,2,178.7617340088,337.6964416504
7Nm83eNWhDpo1Au27Qw1qA,8272,-596,3,178.7617340088,228.1964263916
7Nm83eNWhDpo1Au27Qw1qA,2138,-583,1,178.7617340088,30.758928299
7Nm83eNWhDpo1Au27Qw1qA,12340,-563,7,178.7617340088,321.5714416504
7Nm83eNWhDpo1Au27Qw1qA,12782,-248,7,178.7617340088,321.5714416504
7Nm83eNWhDpo1Au27Qw1qA,13049,-82,7,178.7617340088,321.5714416504
7Nm83eNWhDpo1Au27Qw1qA,10727,-456,7,178.7617340088,321.5714416504
7Nm83eNWhDpo1Au27Qw1qA,10454,-291,7,178.7617340088,321.5714416504
7Nm83eNWhDpo1Au27Qw1qA,10190,-44,7,178.7617340088,276.1964416504
7Nm83eNWhDpo1Au27Qw1qA,9809,7,7,178.7617340088,276.1964416504
7Nm83eNWhDpo1Au27Qw1qA,8675,-540,7,178.7617340088,276.1964416504
7Nm83eNWhDpo1Au27Qw1qA,7289,-183,7,178.7617340088,214.5089263916
7Nm83eNWhDpo1Au27Qw1qA,6973,43,7,178.7617340088,214.5089263916
7Nm83eNWhDpo1Au27Qw1qA,2958,-16,7,178.7617340088,65.2589263916
kEe57krKXVdJSB_epVDnMA,4232,-349,1,270.0977172852,125.6339263916
kEe57krKXVdJSB_epVDnMA,1618,-496,1,270.0977172852,52.1517868042
kEe57krKXVdJSB_epVDnMA,11058,-518,1,270.0977172852,334.3392944336
kEe57krKXVdJSB_epVDnMA,6372,-381,3,270.0977172852,176.0535736084
kEe57krKXVdJSB_epVDnMA,6175,-259,3,270.0977172852,176.0535736084
kEe57krKXVdJSB_epVDnMA,6218,-268,3,270.0977172852,176.0535736084
kEe57krKXVdJSB_epVDnMA,5936,-148,3,270.0977172852,176.0535736084
kEe57krKXVdJSB_epVDnMA,5974,-171,3,270.0977172852,176.0535736084
EuE9l3upJLYZc0TkNgpeLQ,4320,-482,3,169.0718994141,122.9285736084
EuE9l3upJLYZc0TkNgpeLQ,9844,-297,7,169.0718994141,259.0848083496
EuE9l3upJLYZc0TkNgpeLQ,7890,-515,7,169.0718994141,218.90625
EuE9l3upJLYZc0TkNgpeLQ,7252,-496,7,169.0718994141,218.90625
EuE9l3upJLYZc0TkNgpeLQ,5829,-111,1,169.0718994141,156.9174041748
EuE9l3upJLYZc0TkNgpeLQ,5563,-64,6,169.0718994141,156.9174041748
EuE9l3upJLYZc0TkNgpeLQ,5522,-197,2,169.0718994141,149.3236541748
TNUrQtVnmTG99hJuSwDYHg,13055,-1033,1,103.55078125,14.5
TNUrQtVnmTG99hJuSwDYHg,1542,-89,7,103.55078125,36.0625
RvngA272SGgBz_-qwAIHGw,1672,-689,2,170.5597839355,25.5625
RvngA272SGgBz_-qwAIHGw,10702,-723,1,170.5597839355,316.5625
4771YFmFGjOsfbO2JNF3Xw,4069,-514,2,264.71875,151.75
4771YFmFGjOsfbO2JNF3Xw,11359,-748,2,264.71875,288.25
4771YFmFGjOsfbO2JNF3Xw,10156,-1,3,264.71875,269.3125
ZF57WmU4GQL0kwTtkimpfA,1442,-553,2,246.3669281006,65.3125
ZF57WmU4GQL0kwTtkimpfA,1063,-618,2,246.3669281006,65.3125
ZF57WmU4GQL0kwTtkimpfA,2121,-170,4,246.3669281006,59.453125
ZF57WmU4GQL0kwTtkimpfA,2180,-112,3,246.3669281006,58.9375
ZF57WmU4GQL0kwTtkimpfA,1776,-382,3,246.3669281006,57.53125
ZF57WmU4GQL0kwTtkimpfA,2192,-127,3,246.3669281006,58.46875
ZF57WmU4GQL0kwTtkimpfA,2329,-69,3,246.3669281006,56.640625
ZF57WmU4GQL0kwTtkimpfA,2277,-124,3,246.3669281006,56.5
ZF57WmU4GQL0kwTtkimpfA,10966,-701,3,246.3669281006,280.4352722168
ZF57WmU4GQL0kwTtkimpfA,11215,-834,2,246.3669281006,280.4352722168
ZF57WmU4GQL0kwTtkimpfA,9907,-290,3,246.3669281006,255.6852722168
ZF57WmU4GQL0kwTtkimpfA,9541,-128,3,246.3669281006,255.6852722168
ZF57WmU4GQL0kwTtkimpfA,9257,21,3,246.3669281006,255.6852722168
ZF57WmU4GQL0kwTtkimpfA,4928,-193,3,246.3669281006,147.3013458252
ZF57WmU4GQL0kwTtkimpfA,3100,-83,2,246.3669281006,92.7566986084
ZF57WmU4GQL0kwTtkimpfA,3055,-124,2,246.3669281006,87.8348236084
7Nm83eNWhDpo1Au27Qw1qA,4762,-541,1,178.7617340088,143.0714263916
7Nm83eNWhDpo1Au27Qw1qA,8971,-376,7,178.7617340088,276.1964416504
7Nm83eNWhDpo1Au27Qw1qA,7805,-458,7,178.7617340088,214.5089263916
7Nm83eNWhDpo1Au27Qw1qA,2422,-333,7,178.7617340088,65.2589263916
kEe57krKXVdJSB_epVDnMA,8890,-412,2,270.0977172852,226.3214263916
kEe57krKXVdJSB_epVDnMA,2634,-419,1,270.0977172852,78.4017868042
EuE9l3upJLYZc0TkNgpeLQ,7121,-492,4,169.0718994141,191.3638458252
EuE9l3upJLYZc0TkNgpeLQ,8780,-470,7,169.0718994141,259.0848083496
EuE9l3upJLYZc0TkNgpeLQ,5552,-188,2,169.0718994141,156.7767791748
TNUrQtVnmTG99hJuSwDYHg,559,-243,1,103.55078125,14.5
TNUrQtVnmTG99hJuSwDYHg,462,-679,1,103.55078125,14.5
TNUrQtVnmTG99hJuSwDYHg,118,-839,4,103.55078125,14.5
TNUrQtVnmTG99hJuSwDYHg,467,-801,4,103.55078125,14.5
l5eYxTKkeNVRZjg6NkuHpQ,2396,-400,1,54.0195007324,48.375
TNUrQtVnmTG99hJuSwDYHg,667,-806,3,103.55078125,14.5
TNUrQtVnmTG99hJuSwDYHg,3139,-366,2,103.55078125,44.5
1-2MNgRG-iN6DwktcIRE_g,9730,-1554,2,130.8731384277,235.75
1-2MNgRG-iN6DwktcIRE_g,7360,-1603,2,130.8731384277,235.75
1-2MNgRG-iN6DwktcIRE_g,3719,-384,2,130.8731384277,112.9375
1-2MNgRG-iN6DwktcIRE_g,12318,-561,2,130.8731384277,320.875
RvngA272SGgBz_-qwAIHGw,11474,-777,1,170.5597839355,316.5625
RvngA272SGgBz_-qwAIHGw,7736,-624,1,170.5597839355,219.625
RvngA272SGgBz_-qwAIHGw,7642,-544,4,170.5597839355,170.3125
RvngA272SGgBz_-qwAIHGw,4711,-684,2,170.5597839355,143.125
4771YFmFGjOsfbO2JNF3Xw,7851,-624,2,264.71875,176.5
4771YFmFGjOsfbO2JNF3Xw,7005,-491,2,264.71875,176.5
4771YFmFGjOsfbO2JNF3Xw,2293,-586,2,264.71875,87.8125
4771YFmFGjOsfbO2JNF3Xw,1452,-790,3,264.71875,33.25
4771YFmFGjOsfbO2JNF3Xw,12683,-1027,3,264.71875,348.8125
ZF57WmU4GQL0kwTtkimpfA,1175,-566,3,246.3669281006,65.3125
ZF57WmU4GQL0kwTtkimpfA,2196,-171,3,246.3669281006,57.390625
ZF57WmU4GQL0kwTtkimpfA,1945,-251,3,246.3669281006,56.78125
ZF57WmU4GQL0kwTtkimpfA,10645,-733,2,246.3669281006,280.4352722168
ZF57WmU4GQL0kwTtkimpfA,9395,-76,3,246.3669281006,255.6852722168
ZF57WmU4GQL0kwTtkimpfA,6122,-240,1,246.3669281006,167.9263458252
ZF57WmU4GQL0kwTtkimpfA,4839,-247,1,246.3669281006,147.3013458252
ZF57WmU4GQL0kwTtkimpfA,3634,-165,2,246.3669281006,92.7566986084
ZF57WmU4GQL0kwTtkimpfA,3667,-192,2,246.3669281006,89.0535736084
ZF57WmU4GQL0kwTtkimpfA,2838,-42,3,246.3669281006,75.2254486084
hKYcnso8Kco3m39cFH9KyQ,4066,-270,1,133.533706665,125.5111618042
hKYcnso8Kco3m39cFH9KyQ,3679,-299,1,133.533706665,71.6986618042
hKYcnso8Kco3m39cFH9KyQ,1999,-555,1,133.533706665,63.8236618042
hKYcnso8Kco3m39cFH9KyQ,8287,-678,2,133.533706665,258.8236694336
hKYcnso8Kco3m39cFH9KyQ,5908,-296,1,133.533706665,145.0111541748
l5eYxTKkeNVRZjg6NkuHpQ,249,-430,2,54.0195007324,21.75
l5eYxTKkeNVRZjg6NkuHpQ,4008,-945,1,54.0195007324,114.5625
l5eYxTKkeNVRZjg6NkuHpQ,4490,-1052,3,54.0195007324,114.5625
l5eYxTKkeNVRZjg6NkuHpQ,10804,-896,2,54.0195007324,318
1a1UlhadSS_3dNtc5oI10Q,9850,-404,2,174.0685882568,271.25
1a1UlhadSS_3dNtc5oI10Q,10701,-485,2,174.0685882568,271.25
1a1UlhadSS_3dNtc5oI10Q,12165,-552,2,174.0685882568,329.9375
1a1UlhadSS_3dNtc5oI10Q,12900,-622,2,174.0685882568,329.9375
1a1UlhadSS_3dNtc5oI10Q,2924,-952,1,174.0685882568,57.5
1a1UlhadSS_3dNtc5oI10Q,6683,-376,4,174.0685882568,197.375
1a1UlhadSS_3dNtc5oI10Q,7449,-556,1,174.0685882568,229.4375
1a1UlhadSS_3dNtc5oI10Q,9157,-139,7,174.0685882568,282.125
1a1UlhadSS_3dNtc5oI10Q,10333,-392,7,174.0685882568,282.125
1a1UlhadSS_3dNtc5oI10Q,10988,-329,7,174.0685882568,282.125
1a1UlhadSS_3dNtc5oI10Q,11207,-270,7,174.0685882568,282.125
1a1UlhadSS_3dNtc5oI10Q,13305,-461,7,174.0685882568,354.875
1a1UlhadSS_3dNtc5oI10Q,436,-375,7,174.0685882568,354.875
1a1UlhadSS_3dNtc5oI10Q,885,-276,7,174.0685882568,354.875
v1L4iS6mB7ZndEroZRyHww,7589,-329,2,169.2811126709,209.9375
_ksfAI3JAieAsCq4uGGUYw,7407,-249,3,231.4923248291,172.375
1a1UlhadSS_3dNtc5oI10Q,11946,-376,7,174.0685882568,354.875
AsDH8oipghVD_V70d3eryQ,4338,-272,2,92.9976272583,89.3125
GXruCkxCjHAWUDqcmHfAxw,10298,-721,2,337.3931884766,278.0848083496
ADGKUYWbu5fu24N8GV2YFQ,9260,-467,2,332.5377197266,240.4486541748
v1L4iS6mB7ZndEroZRyHww,3696,-681,2,169.2811126709,88.4375
_ksfAI3JAieAsCq4uGGUYw,9943,-284,2,231.4923248291,249.625
wEwbutAdprRvYkYXG9ghNw,1469,-578,2,315.8433532715,11.875
GXruCkxCjHAWUDqcmHfAxw,12427,-59,1,337.3931884766,348.1450805664
GXruCkxCjHAWUDqcmHfAxw,4839,-277,3,337.3931884766,131.9129486084
ADGKUYWbu5fu24N8GV2YFQ,10098,-492,2,332.5377197266,295.7611694336
v1L4iS6mB7ZndEroZRyHww,4008,-506,2,169.2811126709,137.9375
_ksfAI3JAieAsCq4uGGUYw,12568,-468,2,231.4923248291,331
_ksfAI3JAieAsCq4uGGUYw,6319,-533,2,231.4923248291,184.9375
AsDH8oipghVD_V70d3eryQ,4559,-719,1,92.9976272583,142.9375
5CQ0WnQwvnh9HPXiS-_KLQ,1018,-402,2,20.450843811,19.375
5CQ0WnQwvnh9HPXiS-_KLQ,3911,-1903,2,20.450843811,107.125
5CQ0WnQwvnh9HPXiS-_KLQ,2601,-1612,2,20.450843811,107.125
GXruCkxCjHAWUDqcmHfAxw,10646,-263,2,337.3931884766,293.0580444336
GXruCkxCjHAWUDqcmHfAxw,12956,-82,1,337.3931884766,348.1450805664
v1L4iS6mB7ZndEroZRyHww,5631,-343,2,169.2811126709,137.9375
v1L4iS6mB7ZndEroZRyHww,8986,-1471,2,169.2811126709,214.0625
_ksfAI3JAieAsCq4uGGUYw,11278,-361,2,231.4923248291,331
_ksfAI3JAieAsCq4uGGUYw,8262,-384,2,231.4923248291,199.375
_ksfAI3JAieAsCq4uGGUYw,5055,-595,2,231.4923248291,99.625
_ksfAI3JAieAsCq4uGGUYw,1798,-697,2,231.4923248291,56.6875
AsDH8oipghVD_V70d3eryQ,2375,-341,2,92.9976272583,89.3125
AsDH8oipghVD_V70d3eryQ,476,-850,4,92.9976272583,339.25
5CQ0WnQwvnh9HPXiS-_KLQ,11496,-599,1,20.450843811,327.0625
GXruCkxCjHAWUDqcmHfAxw,10467,-286,2,337.3931884766,293.0580444336
GXruCkxCjHAWUDqcmHfAxw,9435,-1142,1,337.3931884766,278.0848083496
GXruCkxCjHAWUDqcmHfAxw,13200,-721,1,337.3931884766,357.90625
GXruCkxCjHAWUDqcmHfAxw,13060,-91,1,337.3931884766,348.1450805664
ADGKUYWbu5fu24N8GV2YFQ,8310,-420,2,332.5377197266,240.4486541748
v1L4iS6mB7ZndEroZRyHww,8575,-841,2,169.2811126709,214.0625
wEwbutAdprRvYkYXG9ghNw,3411,-883,2,315.8433532715,109.5625
_ksfAI3JAieAsCq4uGGUYw,9013,-323,2,231.4923248291,249.625
AsDH8oipghVD_V70d3eryQ,1993,-795,1,92.9976272583,58.75
5CQ0WnQwvnh9HPXiS-_KLQ,12824,-387,1,20.450843811,327.0625
GXruCkxCjHAWUDqcmHfAxw,11161,-226,2,337.3931884766,293.0580444336
